f_preferred_name,Mg,Mg_err,Eu,Eu_err,f_name,f_p,f_p_min_err,f_p_max_err,f_m_p,f_m_p_min_err,f_m_p_max_err,f_e,f_e_min_err,f_e_max_err,f_a,f_a_min_err,f_a_max_err,
HIP 77824 ,-0.10 ,0.02 ,,,,,,,,,,,,,,,,
HIP 100357 ,-0.19 ,0.18 ,,,,,,,,,,,,,,,,
HIP 8198 ,0.28 ,0.06 ,,,,,,,,,,,,,,,,
HIP 92167 ,-1.06 ,0.73 ,-1.01 ,0.11 ,,,,,,,,,,,,,,
HIP 30728 ,0.10 ,0.11 ,,,,,,,,,,,,,,,,
HIP 61449 ,0.20 ,0.07 ,,,,,,,,,,,,,,,,
HIP 79882 ,-0.08 ,0.07 ,,,,,,,,,,,,,,,,
HIP 104459 ,0.05 ,0.02 ,,,,,,,,,,,,,,,,
HIP 22545 ,0.15 ,0.12 ,,,,,,,,,,,,,,,,
HIP 16405 ,0.21 ,0.03 ,,,,,,,,,,,,,,,,
HIP 30741 ,0.01 ,0.07 ,,,,,,,,,,,,,,,,
HD 225644 ,0.10 ,0.07 ,0.00 ,0.11 ,,,,,,,,,,,,,,
HIP 77853 ,0.00 ,0.07 ,,,,,,,,,,,,,,,,
HIP 4127 ,-0.13 ,0.01 ,,,,,,,,,,,,,,,,
HIP 83999 ,-0.18 ,0.07 ,,,,,,,,,,,,,,,,
HIP 90144 ,-0.22 ,0.07 ,,,,,,,,,,,,,,,,
HIP 116771 ,0.04 ,0.10 ,,,,,,,,,,,,,,,,
HIP 98339 ,-0.98 ,1.53 ,-2.70 ,0.11 ,,,,,,,,,,,,,,
B-01 00343 ,0.42 ,0.07 ,,,,,,,,,,,,,,,,
HIP 114729 ,-0.22 ,0.07 ,,,,,,,,,,,,,,,,
HIP 38962 ,0.10 ,0.06 ,,,,,,,,,,,,,,,,
HIP 75829 ,0.07 ,0.14 ,0.11 ,0.11 ,,,,,,,,,,,,,,
HIP 4151 ,0.13 ,0.06 ,,,,,,,,,,,,,,,,
HIP 112697 ,-0.21 ,0.07 ,,,,,,,,,,,,,,,,
HIP 51258 ,0.26 ,0.06 ,,,,,,,,,,,,,,,,
HIP 43067 ,-0.14 ,0.01 ,,,,,,,,,,,,,,,,
HIP 77883 ,0.10 ,0.03 ,,,,,,,,,,,,,,,,
HIP 41022 ,0.22 ,0.06 ,,,,,,,,,,,,,,,,
HIP 10306 ,-0.15 ,0.18 ,,,,,,,,,,,,,,,,
HIP 59459 ,0.06 ,0.07 ,,,,,,,,,,,,,,,,
HIP 104514 ,-0.45 ,0.07 ,,,,,,,,,,,,,,,,
HIP 69701 ,0.05 ,0.14 ,,,,,,,,,,,,,,,,
HIP 88136 ,0.02 ,0.07 ,,,,,,,,,,,,,,,,
HIP 12364 ,-0.26 ,0.02 ,,,,,,,,,,,,,,,,
HIP 51278 ,0.36 ,0.07 ,,,,,,,,,,,,,,,,
HIP 16467 ,0.09 ,0.06 ,,,,,,,,,,,,,,,,
HIP 10324 ,0.16 ,0.07 ,,,,,,,,,,,,,,,,
HIP 32851 ,-0.25 ,0.11 ,,,,,,,,,,,,,,,,
HIP 10326 ,0.05 ,0.07 ,,,,,,,,,,,,,,,,
HIP 73815 ,0.11 ,0.05 ,,,,,,,,,,,,,,,,
HIP 86101 ,-0.16 ,0.07 ,,,,,,,,,,,,,,,,
HIP 24665 ,0.23 ,0.07 ,,,,,,,,,,,,,,,,
B-14 1137 ,0.08 ,0.08 ,,,b c ,5.197576 16.067522 ,5e-06 1.73e-05 ,-5e-06 -1.73e-05 ,0.02108 None ,0.00189 None ,-0.00189 None ,0.13 None ,0.05 None ,-0.05 None ,0.0554 None ,0.001 None ,-0.001 None ,
HIP 49246 ,-0.20 ,0.07 ,,,,,,,,,,,,,,,,
HIP 43103 ,0.33 ,0.07 ,,,,,,,,,,,,,,,,
HIP 10339 ,-0.10 ,0.07 ,,,,,,,,,,,,,,,,
HIP 24679 ,-0.11 ,0.07 ,,,,,,,,,,,,,,,,
HIP 22632 ,-1.14 ,0.88 ,,,,,,,,,,,,,,,,
HIP 24681 ,0.15 ,0.13 ,,,b c d e f g ,1049.0 214.67 117.87 49.175 676.8 5700.0 ,11.0 0.45 0.18 0.045 7.9 1500.0 ,-11.0 -0.45 -0.18 -0.045 -7.9 -1500.0 ,0.79 0.168 0.097 0.0529 0.119 0.38 ,0.07 0.016 0.13 0.0089 0.021 0.13 ,-0.07 -0.016 -0.13 -0.0089 -0.021 -0.13 ,0.27 0.036 0.027 0.09 0.031 0.032 ,0.07 0.071 0.051 0.062 0.057 0.08 ,-0.07 -0.036 -0.027 -0.062 -0.031 -0.032 ,2.07 0.7181 0.4817 0.2687 1.543 6.36 ,0.02 0.0049 0.0033 0.0019 0.016 1.02 ,-0.02 -0.0049 -0.0033 -0.0019 -0.016 -1.02 ,
HIP 112748 ,0.16 ,0.04 ,,,,,,,,,,,,,,,,
HIP 79981 ,-0.17 ,0.15 ,,,,,,,,,,,,,,,,
HIP 92270 ,-0.01 ,0.11 ,,,,,,,,,,,,,,,,
2MASS 14045583+0157230 ,0.04 ,0.07 ,,,,,,,,,,,,,,,,
HIP 51312 ,0.20 ,0.07 ,,,,,,,,,,,,,,,,
HIP 98416 ,-0.03 ,0.13 ,,,,,,,,,,,,,,,,
HIP 63608 ,0.15 ,0.13 ,,,,,,,,,,,,,,,,
HIP 69753 ,-0.04 ,0.07 ,,,,,,,,,,,,,,,,
HIP 114809 ,0.07 ,0.15 ,,,,,,,,,,,,,,,,
HIP 88194 ,-0.02 ,0.22 ,0.49 ,0.11 ,b ,40.0 ,0.24 ,-0.24 ,0.05078 ,0.00856 ,-0.00856 ,0.088 ,0.12 ,-0.066 ,0.23 ,None ,None ,
HIP 102532 ,0.36 ,0.24 ,0.47 ,0.11 ,,,,,,,,,,,,,,
HIP 59532 ,0.18 ,0.24 ,0.78 ,0.11 ,,,,,,,,,,,,,,
HIP 77966 ,-0.03 ,0.07 ,,,,,,,,,,,,,,,,
HIP 114838 ,-0.42 ,0.07 ,,,,,,,,,,,,,,,,
HIP 71832 ,0.20 ,0.06 ,,,,,,,,,,,,,,,,
HIP 16537 ,-0.02 ,0.96 ,0.05 ,0.03 ,b ,2502.1 ,20.1 ,-20.1 ,1.7 ,None ,None ,0.608 ,0.041 ,-0.041 ,3.4 ,None ,None ,
HIP 12444 ,0.05 ,0.07 ,,,,,,,,,,,,,,,,
HIP 71837 ,0.08 ,0.07 ,,,,,,,,,,,,,,,,
HIP 55459 ,0.05 ,0.14 ,,,,,,,,,,,,,,,,
HIP 94376 ,-0.02 ,0.06 ,,,,,,,,,,,,,,,,
HIP 8362 ,0.15 ,0.16 ,0.32 ,0.24 ,,,,,,,,,,,,,,
HIP 171 ,-0.39 ,0.21 ,-0.68 ,0.11 ,,,,,,,,,,,,,,
HIP 88234 ,0.12 ,0.05 ,,,,,,,,,,,,,,,,
HIP 80045 ,-0.06 ,0.10 ,,,,,,,,,,,,,,,,
HIP 77998 ,0.03 ,0.03 ,,,,,,,,,,,,,,,,
HIP 26801 ,0.10 ,0.04 ,,,,,,,,,,,,,,,,
HIP 59572 ,0.14 ,0.06 ,,,,,,,,,,,,,,,,
HIP 73909 ,-0.16 ,0.06 ,,,,,,,,,,,,,,,,
HIP 65721 ,0.07 ,0.12 ,0.22 ,0.18 ,b ,116.688 ,0.0054 ,-0.0054 ,7.416 ,0.057 ,-0.057 ,0.3988 ,0.0019 ,-0.0019 ,0.481 ,0.022 ,-0.022 ,
HIP 32955 ,-0.50 ,0.04 ,,,,,,,,,,,,,,,,
HIP 35005 ,-0.04 ,0.04 ,,,,,,,,,,,,,,,,
HIP 55486 ,0.29 ,0.10 ,,,b ,968.8 ,2.2 ,-2.2 ,2.33 ,0.78 ,-0.78 ,0.226 ,0.064 ,-0.064 ,1.864 ,0.091 ,-0.091 ,
HIP 61631 ,-0.18 ,0.07 ,,,,,,,,,,,,,,,,
HIP 92352 ,-0.17 ,0.12 ,,,,,,,,,,,,,,,,
HIP 100541 ,0.13 ,0.08 ,,,,,,,,,,,,,,,,
2MASS 19240325+4156544 ,-0.02 ,0.10 ,0.10 ,0.11 ,,,,,,,,,,,,,,
HIP 110788 ,-0.35 ,0.07 ,,,,,,,,,,,,,,,,
HIP 49350 ,-0.01 ,0.04 ,,,,,,,,,,,,,,,,
HIP 75974 ,-0.02 ,0.11 ,,,,,,,,,,,,,,,,
HIP 84169 ,-0.09 ,0.07 ,,,,,,,,,,,,,,,,
HIP 98505 ,0.05 ,0.19 ,0.04 ,0.03 ,b ,2.21857567 ,1.5e-07 ,-1.5e-07 ,1.13 ,0.08 ,-0.08 ,0.0 ,None ,None ,None ,None ,None ,
HIP 96459 ,0.06 ,0.12 ,,,,,,,,,,,,,,,,
HIP 51406 ,-0.18 ,0.07 ,,,,,,,,,,,,,,,,
HIP 100559 ,-0.15 ,0.07 ,,,,,,,,,,,,,,,,
HIP 102610 ,-0.13 ,0.05 ,,,,,,,,,,,,,,,,
HIP 49363 ,0.07 ,0.05 ,,,,,,,,,,,,,,,,
HIP 8404 ,-0.02 ,0.02 ,,,,,,,,,,,,,,,,
HIP 102611 ,-0.37 ,0.07 ,,,,,,,,,,,,,,,,
2MASS 06312373+0036445 ,-0.25 ,0.07 ,,,,,,,,,,,,,,,,
HIP 104659 ,-0.69 ,0.62 ,-0.81 ,0.09 ,,,,,,,,,,,,,,
HIP 59610 ,0.02 ,0.19 ,0.69 ,0.11 ,b ,1600.0 ,18.0 ,-18.0 ,7.56 ,None ,None ,0.471 ,0.028 ,-0.028 ,2.7 ,None ,None ,
HIP 86234 ,0.23 ,0.07 ,,,,,,,,,,,,,,,,
HIP 8423 ,0.04 ,0.02 ,,,b ,283.8 ,12.7 ,-0.1 ,0.45 ,0.06 ,-0.15 ,0.442 ,0.04 ,-0.389 ,0.95 ,0.06 ,-0.08 ,
HIP 6379 ,-0.02 ,0.08 ,-0.08 ,0.11 ,b c d ,5.3978 15.3006 24.4459 ,0.0015 0.0018 0.009 ,-0.0015 -0.0018 -0.0091 ,0.0291 0.0278 0.0192 ,None 0.002 0.0021 ,None -0.0019 -0.002 ,0.17 0.1 0.17 ,0.16 0.069 0.1 ,-0.16 -0.062 -0.1 ,0.057 0.1121 0.1532 ,None 0.0015 0.0021 ,None -0.0016 -0.0021 ,
HIP 114924 ,0.08 ,0.10 ,0.16 ,0.11 ,,,,,,,,,,,,,,
HIP 24813 ,0.16 ,0.12 ,0.14 ,0.36 ,,,,,,,,,,,,,,
HIP 8433 ,-0.08 ,0.11 ,-0.02 ,0.11 ,,,,,,,,,,,,,,
HIP 24822 ,0.20 ,0.04 ,,,,,,,,,,,,,,,,
HIP 78072 ,-0.04 ,0.16 ,,,,,,,,,,,,,,,,
HIP 69881 ,0.29 ,0.23 ,0.48 ,0.30 ,,,,,,,,,,,,,,
HIP 84217 ,0.05 ,0.09 ,,,,,,,,,,,,,,,,
HIP 14594 ,-1.52 ,1.12 ,-0.95 ,0.11 ,,,,,,,,,,,,,,
HIP 51459 ,-0.05 ,0.12 ,0.66 ,0.11 ,,,,,,,,,,,,,,
HIP 55561 ,0.07 ,0.07 ,,,,,,,,,,,,,,,,
2MASS 19461484+4059436 ,-0.06 ,0.07 ,,,,,,,,,,,,,,,,
HIP 57617 ,-0.26 ,0.07 ,,,,,,,,,,,,,,,,
HIP 20754 ,-0.40 ,0.07 ,,,,,,,,,,,,,,,,
HIP 114962 ,-1.14 ,0.78 ,,,,,,,,,,,,,,,,
HIP 45333 ,0.11 ,0.14 ,,,,,,,,,,,,,,,,
HIP 39191 ,0.51 ,0.07 ,,,,,,,,,,,,,,,,
HIP 106775 ,0.19 ,0.07 ,,,,,,,,,,,,,,,,
HIP 114971 ,-0.12 ,0.01 ,,,b ,555.1 ,6.0 ,-2.5 ,1.34 ,0.02 ,-0.31 ,0.204 ,0.114 ,-0.141 ,1.32 ,0.05 ,-0.08 ,
HIP 104732 ,0.18 ,0.16 ,,,,,,,,,,,,,,,,
HIP 8476 ,-0.20 ,0.07 ,,,,,,,,,,,,,,,,
HIP 57629 ,0.17 ,0.10 ,,,,,,,,,,,,,,,,
HIP 45343 ,-0.13 ,0.07 ,,,,,,,,,,,,,,,,
HIP 88348 ,0.23 ,0.22 ,0.13 ,0.11 ,b c d e ,1207.0 75.74 12.458 41.763 ,4.0 0.06 0.003 0.012 ,-5.0 -0.05 -0.003 -0.012 ,0.365 0.0409 0.01259 0.0331 ,0.0315 0.00944 0.00315 0.0031 ,-0.0378 -0.00629 -0.00315 -0.0031 ,0.08 0.12 0.12 0.086 ,0.06 0.11 0.13 0.083 ,-0.05 -0.09 -0.08 -0.06 ,2.16 0.341 0.103 0.2292 ,0.03 0.004 0.001 0.0026 ,-0.03 -0.004 -0.001 -0.0027 ,
HIP 53537 ,0.06 ,0.07 ,,,,,,,,,,,,,,,,
HIP 94501 ,-0.14 ,0.02 ,,,,,,,,,,,,,,,,
HIP 112935 ,-0.08 ,0.16 ,,,,,,,,,,,,,,,,
HIP 14632 ,0.19 ,0.11 ,0.12 ,0.04 ,,,,,,,,,,,,,,
HD 171384 ,0.17 ,0.07 ,,,,,,,,,,,,,,,,
HIP 55598 ,-0.15 ,0.07 ,,,,,,,,,,,,,,,,
HIP 76079 ,-0.36 ,0.07 ,,,,,,,,,,,,,,,,
HIP 84275 ,0.16 ,0.07 ,,,,,,,,,,,,,,,,
HIP 94521 ,0.04 ,0.10 ,,,,,,,,,,,,,,,,
HIP 108859 ,0.12 ,0.12 ,-0.04 ,0.11 ,b ,3.525 ,None ,None ,0.685 ,0.015 ,-0.014 ,None ,None ,None ,0.04707 ,0.00046 ,-0.00047 ,
HIP 35134 ,0.23 ,0.07 ,,,,,,,,,,,,,,,,
HIP 31039 ,-0.08 ,0.07 ,,,b ,934.3 ,8.6 ,-8.6 ,2.01 ,0.077 ,-0.077 ,0.073 ,0.036 ,-0.036 ,2.11 ,0.11 ,-0.11 ,
HIP 20800 ,0.40 ,0.16 ,0.54 ,0.44 ,,,,,,,,,,,,,,
HIP 35136 ,-0.12 ,0.12 ,0.14 ,0.26 ,,,,,,,,,,,,,,
HIP 65855 ,-0.31 ,0.07 ,,,,,,,,,,,,,,,,
HIP 76097 ,0.03 ,0.07 ,,,,,,,,,,,,,,,,
HIP 108868 ,0.33 ,0.05 ,,,,,,,,,,,,,,,,
HIP 4422 ,-0.14 ,0.02 ,,,,,,,,,,,,,,,,
HIP 29001 ,-0.44 ,0.02 ,,,,,,,,,,,,,,,,
HIP 14668 ,0.30 ,0.06 ,,,,,,,,,,,,,,,,
HIP 16723 ,-0.18 ,0.07 ,,,,,,,,,,,,,,,,
HIP 37204 ,0.22 ,0.01 ,,,,,,,,,,,,,,,,
HIP 67927 ,0.48 ,0.28 ,0.40 ,0.11 ,,,,,,,,,,,,,,
HIP 59735 ,-0.36 ,0.07 ,,,,,,,,,,,,,,,,
HIP 86362 ,0.08 ,0.14 ,,,,,,,,,,,,,,,,
HIP 45412 ,-0.43 ,0.08 ,,,,,,,,,,,,,,,,
HIP 59750 ,-0.34 ,0.19 ,-0.46 ,0.12 ,,,,,,,,,,,,,,
HIP 4457 ,-0.05 ,0.19 ,,,,,,,,,,,,,,,,
HIP 74092 ,0.02 ,0.02 ,,,,,,,,,,,,,,,,
HIP 94576 ,0.33 ,0.18 ,,,b ,394.73 ,0.13 ,-0.13 ,22.707 ,0.252 ,-0.255 ,0.247 ,0.009 ,-0.009 ,1.45 ,-0.0 ,0.0 ,
HIP 61811 ,0.10 ,0.07 ,,,,,,,,,,,,,,,,
HIP 90485 ,0.20 ,0.14 ,,,b c ,225.62 1818.82 ,0.22 5.68 ,-0.22 -6.42 ,2.88 7.67 ,None 1.94 ,None -2.76 ,0.31 0.246 ,0.01 0.022 ,-0.01 -0.018 ,0.81 3.075 ,None 0.132 ,None -0.146 ,
HIP 67958 ,0.02 ,0.07 ,,,,,,,,,,,,,,,,
HIP 70012 ,0.11 ,0.05 ,,,,,,,,,,,,,,,,
HIP 102781 ,-0.07 ,0.07 ,,,,,,,,,,,,,,,,
HIP 65920 ,-0.19 ,0.07 ,,,,,,,,,,,,,,,,
HIP 10626 ,0.05 ,0.07 ,,,b ,4460.0 ,77.0 ,-67.0 ,1.92 ,0.08 ,-0.07 ,0.033 ,0.03 ,-0.017 ,None ,None ,None ,
HIP 92549 ,0.32 ,0.08 ,0.54 ,0.11 ,,,,,,,,,,,,,,
HIP 102791 ,-0.07 ,0.03 ,,,,,,,,,,,,,,,,
HIP 80264 ,-0.24 ,0.03 ,,,,,,,,,,,,,,,,
HIP 35209 ,0.13 ,0.12 ,0.88 ,0.11 ,,,,,,,,,,,,,,
HIP 78217 ,-0.21 ,0.05 ,,,,,,,,,,,,,,,,
HIP 394 ,-0.25 ,0.10 ,0.07 ,0.11 ,,,,,,,,,,,,,,
HIP 16780 ,-0.05 ,0.01 ,,,,,,,,,,,,,,,,
HIP 82316 ,-0.06 ,0.07 ,,,,,,,,,,,,,,,,
HIP 43410 ,0.12 ,0.03 ,0.07 ,0.11 ,,,,,,,,,,,,,,
HIP 10642 ,0.31 ,0.07 ,,,,,,,,,,,,,,,,
HIP 57748 ,0.18 ,0.07 ,,,,,,,,,,,,,,,,
HIP 102805 ,-0.07 ,0.10 ,,,,,,,,,,,,,,,,
HIP 20885 ,0.24 ,0.07 ,,,,,,,,,,,,,,,,
HIP 2453 ,-0.34 ,0.07 ,,,,,,,,,,,,,,,,
HIP 20889 ,0.20 ,0.14 ,,,b ,None ,None ,None ,7.34 ,0.5 ,-0.4 ,None ,None ,None ,1.9 ,0.07 ,-0.05 ,
HIP 98714 ,-0.10 ,0.14 ,0.03 ,0.11 ,b ,1146.6 ,1.9 ,-2.0 ,6.1 ,1.2 ,-1.0 ,0.547 ,0.01 ,-0.011 ,2.293 ,0.031 ,-0.031 ,
HIP 57757 ,0.20 ,0.22 ,0.08 ,0.05 ,,,,,,,,,,,,,,
HIP 18859 ,0.16 ,0.26 ,,,,,,,,,,,,,,,,
HIP 100783 ,-0.30 ,0.07 ,,,,,,,,,,,,,,,,
HIP 16818 ,-0.34 ,0.07 ,,,,,,,,,,,,,,,,
HD 17998 ,-0.15 ,0.07 ,,,,,,,,,,,,,,,,
HIP 53683 ,-0.28 ,0.07 ,,,,,,,,,,,,,,,,
HIP 80309 ,0.12 ,0.08 ,,,,,,,,,,,,,,,,
HIP 94645 ,0.16 ,0.16 ,,,b ,3.0925 ,3e-05 ,-3e-05 ,0.95 ,0.04 ,-0.04 ,0.022 ,0.014 ,-0.014 ,0.045 ,0.001 ,-0.001 ,
HIP 113076 ,-0.42 ,0.07 ,,,,,,,,,,,,,,,,
HIP 76219 ,0.20 ,0.03 ,,,,,,,,,,,,,,,,
HIP 33212 ,0.02 ,0.12 ,0.79 ,0.11 ,b ,1254.6 ,34.0 ,-34.0 ,3.7 ,None ,None ,0.51 ,0.06 ,-0.06 ,2.22 ,None ,None ,
HIP 72125 ,0.11 ,0.07 ,,,,,,,,,,,,,,,,
HIP 68030 ,-0.25 ,0.06 ,,,,,,,,,,,,,,,,
HIP 100797 ,-0.07 ,0.07 ,,,,,,,,,,,,,,,,
HIP 82369 ,0.06 ,0.02 ,0.30 ,0.11 ,,,,,,,,,,,,,,
2MASS 15595095-2803422 ,-0.10 ,0.20 ,,,b ,3.735 ,None ,None ,None ,None ,None ,None ,None ,None ,None ,None ,None ,
HIP 82373 ,-0.12 ,0.07 ,,,,,,,,,,,,,,,,
HIP 59847 ,-0.03 ,0.07 ,,,,,,,,,,,,,,,,
HIP 4552 ,0.15 ,0.07 ,,,b ,768.7 ,4.72 ,-1.67 ,1.168 ,0.062 ,-0.057 ,0.11 ,0.029 ,-0.08 ,1.79 ,0.007 ,-0.003 ,
HIP 80331 ,0.03 ,0.08 ,,,,,,,,,,,,,,,,
HIP 115147 ,-0.15 ,0.39 ,,,,,,,,,,,,,,,,
HIP 49615 ,-0.25 ,0.04 ,,,,,,,,,,,,,,,,
HIP 98767 ,0.33 ,0.16 ,0.42 ,0.30 ,b c ,2891.0 17.11704 ,85.0 0.00068 ,-85.0 -0.00063 ,1.502 0.0675 ,0.13 0.0027 ,-0.13 -0.0027 ,0.36 0.165 ,0.03 0.027 ,-0.03 -0.028 ,3.92 0.1294 ,0.2 0.0017 ,-0.2 -0.0017 ,
HIP 55761 ,-0.52 ,0.07 ,,,,,,,,,,,,,,,,
HIP 27091 ,0.22 ,0.07 ,,,,,,,,,,,,,,,,
HIP 16852 ,0.02 ,0.17 ,0.05 ,0.07 ,,,,,,,,,,,,,,
HIP 80343 ,0.15 ,0.16 ,,,,,,,,,,,,,,,,
HIP 53721 ,0.11 ,0.16 ,0.19 ,0.36 ,b c d ,1076.6 2391.0 14000.0 ,2.3 100.0 4020.0 ,-2.3 -87.0 -5100.0 ,2.45 0.54 1.64 ,0.1 0.066 0.29 ,-0.1 -0.073 -0.48 ,0.012 0.098 0.16 ,0.023 0.047 0.09 ,-0.023 -0.096 -0.16 ,2.1 3.6 11.6 ,0.022 0.1 2.1 ,-0.022 -0.1 -2.9 ,
HIP 475 ,-0.37 ,0.07 ,,,,,,,,,,,,,,,,
HIP 476 ,0.09 ,0.10 ,,,,,,,,,,,,,,,,
BD+39 00539 ,0.00 ,0.07 ,,,,,,,,,,,,,,,,
HIP 10723 ,0.16 ,0.12 ,0.95 ,0.11 ,,,,,,,,,,,,,,
HIP 12777 ,0.04 ,0.20 ,,,,,,,,,,,,,,,,
HIP 4587 ,0.00 ,0.07 ,,,,,,,,,,,,,,,,
HIP 493 ,-0.28 ,0.07 ,,,,,,,,,,,,,,,,
HIP 98819 ,0.07 ,0.06 ,0.40 ,0.39 ,,,,,,,,,,,,,,
HIP 518 ,0.04 ,0.07 ,,,,,,,,,,,,,,,,
HIP 25094 ,0.25 ,0.03 ,,,,,,,,,,,,,,,,
HIP 72199 ,-0.15 ,0.07 ,,,,,,,,,,,,,,,,
HIP 4617 ,-0.21 ,0.07 ,,,,,,,,,,,,,,,,
HIP 68108 ,-0.25 ,0.07 ,,,,,,,,,,,,,,,,
HIP 86540 ,-0.04 ,0.08 ,,,,,,,,,,,,,,,,
HIP 49680 ,0.24 ,0.03 ,,,,,,,,,,,,,,,,
HIP 90642 ,0.12 ,0.07 ,,,,,,,,,,,,,,,,
HIP 530 ,-0.05 ,0.07 ,,,,,,,,,,,,,,,,
HIP 115220 ,-0.18 ,0.07 ,,,,,,,,,,,,,,,,
HIP 88601 ,0.15 ,0.13 ,-0.09 ,0.11 ,,,,,,,,,,,,,,
HIP 43550 ,0.01 ,0.07 ,,,,,,,,,,,,,,,,
HIP 53791 ,-0.16 ,0.04 ,,,,,,,,,,,,,,,,
HIP 109090 ,-0.27 ,0.07 ,,,,,,,,,,,,,,,,
HIP 94755 ,-0.05 ,0.14 ,,,,,,,,,,,,,,,,
HIP 82469 ,-0.10 ,0.01 ,,,,,,,,,,,,,,,,
HIP 55846 ,0.26 ,0.18 ,0.74 ,0.11 ,,,,,,,,,,,,,,
HIP 76333 ,-0.10 ,0.07 ,,,b c ,414.88 966.49 ,1.24 2.27 ,-1.47 -1.96 ,1.126 5.231 ,0.101 0.12 ,-0.108 -0.147 ,0.16 0.065 ,0.071 0.033 ,-0.107 -0.022 ,1.319 2.318 ,0.003 0.004 ,-0.003 -0.003 ,
HIP 92720 ,0.10 ,0.01 ,,,,,,,,,,,,,,,,
HIP 2611 ,0.19 ,0.07 ,,,b ,311.6 ,1.7 ,-1.9 ,1.6 ,None ,None ,0.129 ,0.099 ,-0.085 ,1.2 ,None ,None ,
HIP 6711 ,-0.16 ,0.03 ,,,,,,,,,,,,,,,,
HIP 102970 ,-0.28 ,0.01 ,,,,,,,,,,,,,,,,
HIP 94779 ,-0.01 ,0.07 ,,,,,,,,,,,,,,,,
HIP 29246 ,-0.14 ,0.07 ,,,,,,,,,,,,,,,,
HIP 51775 ,-0.02 ,0.04 ,,,,,,,,,,,,,,,,
HIP 78399 ,0.19 ,0.07 ,,,,,,,,,,,,,,,,
HIP 37441 ,0.01 ,0.06 ,,,,,,,,,,,,,,,,
HIP 66113 ,-0.21 ,0.07 ,,,,,,,,,,,,,,,,
HIP 43587 ,0.43 ,0.26 ,0.58 ,0.26 ,b c d e f ,14.647 44.373 4825.0 0.73654625 261.2 ,0.001 0.02 39.0 1.5e-07 0.4 ,-0.001 -0.018 -39.0 -1.5e-07 -0.4 ,0.91 0.1784 3.878 None 0.172 ,0.02 0.0275 0.068 None 0.008 ,-0.02 -0.0078 -0.068 None -0.008 ,0.03 0.072 0.019 None 0.32 ,0.023 0.013 0.013 None 0.05 ,-0.023 -0.014 -0.013 None -0.05 ,0.115 0.23735 5.503 None 0.77 ,None 0.00024 0.03 None 0.005 ,None -0.00024 -0.03 None -0.005 ,
HIP 51784 ,-0.18 ,0.02 ,,,,,,,,,,,,,,,,
HIP 21069 ,-0.42 ,0.01 ,,,,,,,,,,,,,,,,
HIP 115280 ,0.14 ,0.10 ,,,,,,,,,,,,,,,,
HIP 8786 ,0.43 ,0.07 ,,,,,,,,,,,,,,,,
HIP 57939 ,-1.07 ,0.22 ,-0.76 ,0.11 ,,,,,,,,,,,,,,
HIP 86611 ,-0.03 ,0.07 ,,,,,,,,,,,,,,,,
HIP 88658 ,0.02 ,0.10 ,,,,,,,,,,,,,,,,
HIP 86614 ,-0.03 ,0.04 ,,,,,,,,,,,,,,,,
HIP 107095 ,0.09 ,0.01 ,,,,,,,,,,,,,,,,
HIP 78424 ,-0.05 ,0.11 ,,,,,,,,,,,,,,,,
HIP 64089 ,-0.15 ,0.07 ,,,,,,,,,,,,,,,,
HIP 105050 ,-1.61 ,0.07 ,,,,,,,,,,,,,,,,
HIP 86620 ,0.00 ,0.12 ,,,b ,3117.0 ,42.0 ,-42.0 ,1.53 ,0.1 ,-0.1 ,0.4 ,0.05 ,-0.05 ,4.43 ,0.04 ,-0.04 ,
HIP 16989 ,0.29 ,0.10 ,,,,,,,,,,,,,,,,
HIP 51808 ,0.13 ,0.07 ,,,,,,,,,,,,,,,,
HIP 14954 ,0.22 ,0.28 ,,,b ,466.2 ,1.7 ,-1.7 ,1.37 ,0.12 ,-0.12 ,0.063 ,0.062 ,-0.062 ,1.305 ,0.016 ,-0.016 ,
HIP 51819 ,0.09 ,0.07 ,,,,,,,,,,,,,,,,
HIP 100970 ,0.09 ,0.12 ,0.67 ,0.11 ,b ,18.20132 ,0.00039 ,-0.00039 ,3.98 ,0.17 ,-0.17 ,0.01 ,-0.0 ,0.0 ,0.14 ,-0.0 ,0.0 ,
HIP 92782 ,0.08 ,0.08 ,,,,,,,,,,,,,,,,
HIP 27246 ,-0.01 ,0.07 ,,,,,,,,,,,,,,,,
HIP 96878 ,-0.27 ,0.07 ,,,,,,,,,,,,,,,,
HIP 60019 ,-0.30 ,0.07 ,,,,,,,,,,,,,,,,
HIP 100979 ,0.01 ,0.07 ,,,,,,,,,,,,,,,,
HIP 27253 ,0.43 ,0.16 ,0.50 ,0.11 ,b c ,14.31014 2133.3 ,0.00023 1.5 ,-0.00022 -1.5 ,0.876 13.21 ,0.014 0.1 ,-0.014 -0.1 ,0.26 0.3545 ,0.014 0.0048 ,-0.015 -0.0047 ,0.1329 3.7365 ,0.00034 0.0099 ,-0.00035 -0.0099 ,
HIP 70261 ,-0.25 ,0.07 ,,,,,,,,,,,,,,,,
HIP 109176 ,-0.08 ,0.10 ,,,,,,,,,,,,,,,,
HIP 78459 ,-0.01 ,0.11 ,0.56 ,0.11 ,b c d e ,39.84324 102.557 282.2 12.949 ,0.00067 0.078 2.2 0.014 ,-0.00066 -0.079 -3.7 -0.014 ,1.057 0.0885 0.06796 0.01192 ,0.024 0.0055 0.00787 0.00167 ,-0.024 -0.0056 -0.00787 -0.0017 ,0.0355 0.044 0.0 0.126 ,0.0035 0.05 None 0.054 ,-0.0037 -0.031 None -0.078 ,0.2213 0.4157 0.827 0.1061 ,0.0025 0.0046 0.011 0.0011 ,-0.0025 -0.0047 -0.011 -0.0011 ,
HIP 17022 ,-0.16 ,0.07 ,,,,,,,,,,,,,,,,
HIP 96895 ,0.13 ,0.18 ,0.40 ,0.36 ,,,,,,,,,,,,,,
HIP 117375 ,0.08 ,0.10 ,,,,,,,,,,,,,,,,
HIP 57983 ,-0.83 ,1.42 ,,,,,,,,,,,,,,,,
HIP 45699 ,-0.10 ,0.07 ,,,,,,,,,,,,,,,,
HIP 96901 ,0.14 ,0.20 ,0.74 ,0.70 ,b ,798.5 ,1.0 ,-1.0 ,1.78 ,0.08 ,-0.08 ,0.68 ,0.02 ,-0.02 ,1.66 ,0.03 ,-0.03 ,
HIP 57994 ,0.18 ,0.07 ,,,,,,,,,,,,,,,,
2MASS 18483505+4323217 ,0.08 ,0.04 ,-0.30 ,0.11 ,,,,,,,,,,,,,,
HIP 115340 ,0.37 ,0.07 ,,,,,,,,,,,,,,,,
HIP 33421 ,0.11 ,0.07 ,,,,,,,,,,,,,,,,
HIP 656 ,-0.08 ,0.12 ,,,,,,,,,,,,,,,,
HIP 113296 ,0.41 ,0.07 ,,,,,,,,,,,,,,,,
HIP 64150 ,0.10 ,0.20 ,,,,,,,,,,,,,,,,
HIP 2712 ,-0.08 ,0.10 ,,,,,,,,,,,,,,,,
HIP 8859 ,-0.23 ,0.05 ,,,,,,,,,,,,,,,,
HIP 15004 ,0.26 ,0.03 ,,,,,,,,,,,,,,,,
HIP 25247 ,-0.03 ,0.04 ,,,,,,,,,,,,,,,,
HIP 671 ,0.08 ,0.07 ,,,b ,273.1 ,1.6 ,-0.8 ,0.75 ,0.12 ,-0.15 ,0.139 ,0.108 ,-0.104 ,0.98 ,0.11 ,-0.03 ,
HD 156282 ,-0.25 ,0.07 ,,,,,,,,,,,,,,,,
HIP 33449 ,0.42 ,0.07 ,,,,,,,,,,,,,,,,
HIP 88745 ,-0.33 ,0.06 ,-0.47 ,0.11 ,,,,,,,,,,,,,,
HIP 68267 ,0.04 ,0.07 ,,,,,,,,,,,,,,,,
HIP 111274 ,0.11 ,0.19 ,,,,,,,,,,,,,,,,
HIP 70319 ,-0.17 ,0.14 ,0.06 ,0.34 ,,,,,,,,,,,,,,
HIP 84656 ,0.23 ,0.07 ,,,,,,,,,,,,,,,,
HIP 107188 ,-0.23 ,0.07 ,,,,,,,,,,,,,,,,
HIP 23221 ,-0.01 ,0.07 ,0.38 ,0.11 ,,,,,,,,,,,,,,
HIP 45751 ,0.04 ,0.02 ,,,,,,,,,,,,,,,,
HIP 699 ,-0.12 ,0.08 ,,,,,,,,,,,,,,,,
HIP 88765 ,0.16 ,0.12 ,,,,,,,,,,,,,,,,
HIP 25278 ,0.08 ,0.20 ,,,,,,,,,,,,,,,,
HIP 60098 ,0.34 ,0.19 ,,,,,,,,,,,,,,,,
HIP 25282 ,-0.11 ,0.07 ,,,,,,,,,,,,,,,,
HIP 86722 ,-0.13 ,0.14 ,,,,,,,,,,,,,,,,
HIP 82629 ,-0.04 ,0.07 ,,,,,,,,,,,,,,,,
HIP 51914 ,-0.48 ,0.07 ,,,,,,,,,,,,,,,,
HIP 82636 ,-0.07 ,0.10 ,,,,,,,,,,,,,,,,
HIP 113357 ,0.24 ,0.12 ,0.12 ,0.34 ,b ,4.2293 ,0.0011 ,-0.0011 ,0.47 ,0.02 ,-0.02 ,0.0 ,None ,None ,None ,None ,None ,
HIP 43726 ,0.17 ,0.14 ,0.35 ,0.37 ,,,,,,,,,,,,,,
HIP 84691 ,0.04 ,0.06 ,,,,,,,,,,,,,,,,
HIP 84696 ,-0.10 ,0.07 ,,,,,,,,,,,,,,,,
HIP 729 ,0.18 ,0.08 ,,,,,,,,,,,,,,,,
HIP 51933 ,-0.13 ,0.06 ,,,,,,,,,,,,,,,,
HIP 84702 ,-0.14 ,0.07 ,,,,,,,,,,,,,,,,
HIP 105184 ,0.04 ,0.04 ,,,,,,,,,,,,,,,,
HIP 56035 ,-0.40 ,0.07 ,,,,,,,,,,,,,,,,
HIP 92901 ,0.08 ,0.07 ,,,,,,,,,,,,,,,,
HIP 37606 ,0.03 ,0.14 ,0.07 ,0.11 ,,,,,,,,,,,,,,
HIP 76519 ,0.06 ,0.15 ,,,,,,,,,,,,,,,,
B-07 436A ,-0.01 ,0.10 ,,,b ,1.3600309 ,2e-06 ,-2e-06 ,1.763 ,0.055 ,-0.054 ,0.008 ,None ,None ,0.02405 ,0.00036 ,-0.00036 ,
HIP 117484 ,0.01 ,0.07 ,,,,,,,,,,,,,,,,
HIP 66290 ,-0.23 ,0.07 ,,,,,,,,,,,,,,,,
HIP 76530 ,-0.04 ,0.01 ,,,,,,,,,,,,,,,,
HIP 45812 ,0.07 ,0.07 ,,,,,,,,,,,,,,,,
HIP 105202 ,-0.20 ,0.07 ,,,,,,,,,,,,,,,,
HIP 29432 ,-0.02 ,0.14 ,0.01 ,0.11 ,b ,149.61 ,0.37 ,-0.34 ,0.04531 ,0.00787 ,-0.00755 ,0.19 ,0.15 ,-0.12 ,0.554 ,0.011 ,-0.011 ,
HIP 62207 ,-0.30 ,0.12 ,-0.17 ,0.11 ,,,,,,,,,,,,,,
HIP 76543 ,-0.32 ,0.10 ,,,,,,,,,,,,,,,,
HIP 97023 ,-0.24 ,0.09 ,-0.03 ,0.38 ,,,,,,,,,,,,,,
HIP 6914 ,0.01 ,0.07 ,,,,,,,,,,,,,,,,
HIP 111362 ,0.30 ,0.07 ,,,,,,,,,,,,,,,,
HIP 74500 ,0.33 ,0.18 ,0.45 ,0.33 ,b c ,258.31 5000.0 ,0.16 400.0 ,-0.16 -400.0 ,1.62 0.82 ,0.13 0.03 ,-0.13 -0.03 ,0.243 0.12 ,0.011 0.02 ,-0.011 -0.02 ,0.82 5.8 ,0.047 0.5 ,-0.047 -0.5 ,
HIP 94981 ,0.13 ,0.09 ,0.59 ,0.11 ,,,,,,,,,,,,,,
HIP 109324 ,-0.33 ,0.32 ,,,,,,,,,,,,,,,,
HIP 113421 ,0.41 ,0.20 ,0.51 ,0.25 ,b c ,7.126846 5141.0 ,1.3e-05 13.0 ,-1.3e-05 -13.0 ,1.4135 4.31 ,0.0042 0.13 ,-0.0042 -0.13 ,0.1283 0.3928 ,0.0027 0.0069 ,-0.0027 -0.0067 ,0.07505 5.942 ,0.00097 0.083 ,-0.00097 -0.086 ,
HIP 101136 ,-0.14 ,0.06 ,,,,,,,,,,,,,,,,
HIP 54035 ,-0.17 ,0.07 ,,,b c ,12.9394 3190.0 ,0.0014 200.0 ,-0.0013 -170.0 ,0.00846 0.0568 ,0.0006 0.0091 ,-0.00057 -0.0083 ,0.063 0.14 ,0.061 0.16 ,-0.043 -0.095 ,0.07879 3.1 ,0.00056 0.13 ,-0.00055 -0.11 ,
HIP 54039 ,-0.13 ,0.07 ,,,,,,,,,,,,,,,,
HIP 68382 ,0.00 ,0.07 ,,,,,,,,,,,,,,,,
HIP 43813 ,0.06 ,0.04 ,,,,,,,,,,,,,,,,
HIP 19237 ,-0.38 ,0.05 ,,,,,,,,,,,,,,,,
HIP 92969 ,0.14 ,0.19 ,,,,,,,,,,,,,,,,
HIP 60202 ,-0.21 ,0.06 ,,,b ,323.21 ,0.06 ,-0.05 ,15.464 ,0.123 ,-0.125 ,0.238 ,0.007 ,-0.007 ,1.18 ,-0.0 ,0.0 ,
HIP 4906 ,-0.16 ,0.07 ,,,,,,,,,,,,,,,,
HIP 33578 ,0.25 ,0.07 ,,,,,,,,,,,,,,,,
2MASS 03553688+5214291 ,-0.21 ,0.07 ,,,,,,,,,,,,,,,,
HIP 58160 ,0.18 ,0.07 ,,,,,,,,,,,,,,,,
HIP 80689 ,-0.07 ,0.07 ,,,,,,,,,,,,,,,,
HIP 103219 ,-0.13 ,0.07 ,,,,,,,,,,,,,,,,
HD 164059A ,0.04 ,0.07 ,,,,,,,,,,,,,,,,
HIP 109372 ,-0.24 ,0.07 ,,,,,,,,,,,,,,,,
HIP 6975 ,-0.25 ,0.07 ,,,,,,,,,,,,,,,,
HIP 31552 ,-0.10 ,0.07 ,,,,,,,,,,,,,,,,
HIP 84801 ,-0.15 ,0.01 ,0.03 ,0.11 ,,,,,,,,,,,,,,
HIP 109378 ,0.31 ,0.20 ,0.57 ,0.06 ,b ,442.19 ,0.5 ,-0.5 ,1.29 ,0.11 ,-0.11 ,0.476 ,0.017 ,-0.017 ,1.138 ,0.066 ,-0.066 ,
HIP 49988 ,-0.26 ,0.13 ,,,,,,,,,,,,,,,,
HD 17492 ,-0.72 ,0.07 ,,,,,,,,,,,,,,,,
HIP 90948 ,-0.08 ,0.07 ,,,,,,,,,,,,,,,,
HIP 103237 ,-0.15 ,0.07 ,,,,,,,,,,,,,,,,
HIP 111431 ,-0.13 ,0.07 ,,,,,,,,,,,,,,,,
HIP 90955 ,-0.16 ,0.07 ,,,,,,,,,,,,,,,,
HIP 82764 ,-0.01 ,0.04 ,,,,,,,,,,,,,,,,
HIP 117582 ,-0.37 ,0.07 ,,,,,,,,,,,,,,,,
HIP 17231 ,-0.10 ,0.07 ,,,,,,,,,,,,,,,,
HIP 93007 ,0.24 ,0.08 ,0.13 ,0.11 ,,,,,,,,,,,,,,
HIP 88913 ,-0.12 ,0.06 ,,,,,,,,,,,,,,,,
HIP 95056 ,-0.14 ,0.07 ,,,,,,,,,,,,,,,,
HIP 56148 ,-0.30 ,0.07 ,,,,,,,,,,,,,,,,
HIP 107350 ,-0.09 ,0.20 ,,,b ,None ,None ,None ,22.0 ,9.43 ,-9.43 ,None ,None ,None ,773.0 ,13.0 ,-13.0 ,
HIP 6999 ,0.28 ,0.09 ,,,,,,,,,,,,,,,,
HIP 109400 ,-0.13 ,0.07 ,,,,,,,,,,,,,,,,
HIP 31575 ,0.08 ,0.07 ,,,,,,,,,,,,,,,,
HIP 33624 ,-0.34 ,0.07 ,,,,,,,,,,,,,,,,
HIP 27483 ,0.04 ,0.04 ,,,,,,,,,,,,,,,,
HIP 97118 ,0.01 ,0.05 ,,,,,,,,,,,,,,,,
HIP 62307 ,-0.15 ,0.07 ,,,,,,,,,,,,,,,,
HIP 39780 ,0.19 ,0.08 ,0.89 ,0.11 ,,,,,,,,,,,,,,
HIP 873 ,0.19 ,0.10 ,,,,,,,,,,,,,,,,
HIP 37740 ,0.12 ,0.04 ,,,,,,,,,,,,,,,,
HIP 74605 ,0.10 ,0.15 ,,,,,,,,,,,,,,,,
HIP 78703 ,-0.10 ,0.08 ,,,,,,,,,,,,,,,,
HIP 68464 ,-1.56 ,1.04 ,-1.50 ,0.11 ,,,,,,,,,,,,,,
HIP 113521 ,0.33 ,0.02 ,,,,,,,,,,,,,,,,
HIP 84850 ,-0.16 ,0.04 ,,,,,,,,,,,,,,,,
HIP 62325 ,0.10 ,0.07 ,,,,,,,,,,,,,,,,
HIP 70519 ,-0.39 ,0.82 ,,,,,,,,,,,,,,,,
HIP 58232 ,-0.14 ,0.07 ,,,,,,,,,,,,,,,,
HIP 56185 ,-0.05 ,0.12 ,,,,,,,,,,,,,,,,
HIP 56186 ,-0.24 ,0.07 ,,,,,,,,,,,,,,,,
HIP 72567 ,0.00 ,0.10 ,0.71 ,0.70 ,,,,,,,,,,,,,,
HIP 86906 ,-0.11 ,0.09 ,,,,,,,,,,,,,,,,
HIP 72573 ,-0.11 ,0.02 ,,,,,,,,,,,,,,,,
HIP 84862 ,0.01 ,0.20 ,0.12 ,0.33 ,,,,,,,,,,,,,,
HIP 29568 ,0.02 ,0.12 ,,,,,,,,,,,,,,,,
HIP 43904 ,-0.27 ,0.09 ,,,,,,,,,,,,,,,,
HIP 56194 ,-0.03 ,0.07 ,,,,,,,,,,,,,,,,
HIP 33668 ,0.00 ,0.07 ,,,,,,,,,,,,,,,,
HIP 93062 ,-0.34 ,0.07 ,,,,,,,,,,,,,,,,
HIP 19335 ,0.44 ,0.40 ,,,,,,,,,,,,,,,,
HIP 39816 ,0.18 ,0.02 ,,,,,,,,,,,,,,,,
HIP 64394 ,0.09 ,0.13 ,0.10 ,0.08 ,,,,,,,,,,,,,,
HIP 88972 ,0.08 ,0.11 ,-0.16 ,0.08 ,,,,,,,,,,,,,,
HIP 910 ,-0.23 ,0.16 ,,,,,,,,,,,,,,,,
HIP 15249 ,0.04 ,0.07 ,,,b ,0.9260632 ,2.6e-06 ,-2.6e-06 ,None ,None ,None ,None ,None ,None ,None ,None ,None ,
HIP 64407 ,0.03 ,0.07 ,,,,,,,,,,,,,,,,
HIP 99224 ,0.07 ,0.10 ,0.04 ,0.11 ,,,,,,,,,,,,,,
2MASS 09404320+0100294 ,-2.42 ,0.12 ,,,,,,,,,,,,,,,,
HIP 109466 ,0.34 ,0.07 ,,,,,,,,,,,,,,,,
HIP 86939 ,-0.10 ,0.07 ,,,,,,,,,,,,,,,,
HIP 111515 ,0.16 ,0.09 ,,,,,,,,,,,,,,,,
HIP 37789 ,-0.36 ,0.04 ,,,,,,,,,,,,,,,,
HIP 45982 ,0.39 ,0.22 ,0.76 ,0.02 ,b ,111.43639 ,0.00032 ,-0.00031 ,4.16 ,0.13 ,-0.13 ,0.93043 ,0.00068 ,-0.00069 ,0.4602 ,0.0068 ,-0.0071 ,
HIP 66464 ,-0.37 ,0.07 ,,,,,,,,,,,,,,,,
HIP 99232 ,0.01 ,0.07 ,,,,,,,,,,,,,,,,
HIP 91042 ,-0.05 ,0.07 ,,,,,,,,,,,,,,,,
HIP 2981 ,-0.38 ,0.07 ,,,,,,,,,,,,,,,,
HIP 93097 ,-0.23 ,0.07 ,,,,,,,,,,,,,,,,
HIP 64426 ,-0.37 ,0.14 ,-0.50 ,0.08 ,,,,,,,,,,,,,,
HIP 78762 ,-0.06 ,0.07 ,,,,,,,,,,,,,,,,
HIP 82860 ,-0.09 ,0.24 ,,,,,,,,,,,,,,,,
HIP 99241 ,-0.16 ,0.08 ,,,,,,,,,,,,,,,,
HIP 56242 ,0.11 ,0.08 ,1.14 ,0.40 ,,,,,,,,,,,,,,
HIP 62388 ,-0.07 ,0.07 ,,,,,,,,,,,,,,,,
HIP 72631 ,0.08 ,0.03 ,,,,,,,,,,,,,,,,
HIP 33719 ,0.22 ,0.11 ,0.25 ,0.15 ,b ,119.6 ,0.42 ,-0.42 ,1.05 ,0.03 ,-0.03 ,0.35 ,0.03 ,-0.03 ,0.5 ,None ,None ,
HIP 78775 ,-0.28 ,0.17 ,-0.41 ,0.06 ,,,,,,,,,,,,,,
HIP 86974 ,0.32 ,0.18 ,0.46 ,0.34 ,,,,,,,,,,,,,,
HIP 3006 ,-0.12 ,0.07 ,,,,,,,,,,,,,,,,
HIP 64449 ,-0.07 ,0.07 ,,,,,,,,,,,,,,,,
HIP 37826 ,0.16 ,0.27 ,-0.01 ,0.20 ,b ,596.6 ,2.26 ,-2.26 ,2.64 ,0.2 ,-0.2 ,0.011 ,0.033 ,-0.033 ,1.66 ,0.13 ,-0.13 ,
HIP 54211 ,-0.19 ,0.07 ,,,,,,,,,,,,,,,,
HIP 3014 ,-0.24 ,0.07 ,,,,,,,,,,,,,,,,
HIP 80839 ,0.15 ,0.06 ,,,,,,,,,,,,,,,,
HIP 80838 ,0.27 ,0.19 ,,,b ,2.8758916 ,1.4e-06 ,-1.4e-06 ,0.322 ,0.014 ,-0.012 ,0.013 ,None ,None ,0.04364 ,0.00022 ,-0.00022 ,
HIP 82886 ,-0.33 ,0.12 ,,,,,,,,,,,,,,,,
HIP 113610 ,0.15 ,0.07 ,,,,,,,,,,,,,,,,
HIP 43981 ,-0.33 ,0.07 ,,,,,,,,,,,,,,,,
HIP 82894 ,0.10 ,0.07 ,,,,,,,,,,,,,,,,
HIP 66511 ,-0.07 ,0.07 ,,,,,,,,,,,,,,,,
HIP 99281 ,-0.06 ,0.07 ,,,,,,,,,,,,,,,,
HIP 29650 ,-0.06 ,0.09 ,,,,,,,,,,,,,,,,
HIP 72659 ,-0.14 ,0.17 ,,,,,,,,,,,,,,,,
HIP 80850 ,-0.30 ,0.10 ,,,,,,,,,,,,,,,,
HIP 64470 ,-0.03 ,0.07 ,,,,,,,,,,,,,,,,
HIP 3031 ,-0.19 ,0.12 ,,,,,,,,,,,,,,,,
HIP 58331 ,-0.11 ,0.08 ,,,b ,1919.0 ,14.0 ,-15.0 ,1.44 ,0.06 ,-0.05 ,0.31 ,0.03 ,-0.03 ,3.27 ,0.02 ,-0.01 ,
HIP 41948 ,-0.02 ,0.07 ,,,,,,,,,,,,,,,,
HIP 91105 ,0.12 ,0.04 ,,,,,,,,,,,,,,,,
HIP 11237 ,-0.33 ,0.07 ,,,,,,,,,,,,,,,,
HIP 13288 ,0.15 ,0.08 ,,,,,,,,,,,,,,,,
HIP 84975 ,-0.01 ,0.10 ,,,,,,,,,,,,,,,,
HIP 48113 ,0.21 ,0.13 ,1.23 ,0.28 ,,,,,,,,,,,,,,
HIP 5106 ,-0.32 ,0.07 ,,,,,,,,,,,,,,,,
HIP 68594 ,-2.18 ,1.48 ,-2.15 ,0.11 ,,,,,,,,,,,,,,
HIP 109558 ,-1.25 ,0.13 ,,,,,,,,,,,,,,,,
HIP 60407 ,0.36 ,0.07 ,,,,,,,,,,,,,,,,
HIP 89082 ,-0.16 ,0.16 ,,,,,,,,,,,,,,,,
HIP 62459 ,-0.22 ,0.07 ,,,,,,,,,,,,,,,,
HIP 80894 ,0.27 ,0.07 ,,,,,,,,,,,,,,,,
HIP 50174 ,0.27 ,0.12 ,,,,,,,,,,,,,,,,
HIP 29696 ,-0.01 ,0.07 ,,,,,,,,,,,,,,,,
HIP 93186 ,-0.78 ,1.14 ,,,,,,,,,,,,,,,,
HIP 115714 ,-0.12 ,0.11 ,,,b ,218.47 ,0.19 ,-0.19 ,3.18 ,0.15 ,-0.15 ,0.404 ,0.009 ,-0.009 ,0.74 ,0.018 ,-0.018 ,
HIP 109572 ,0.29 ,0.08 ,,,,,,,,,,,,,,,,
HIP 9222 ,0.06 ,0.07 ,,,,,,,,,,,,,,,,
HIP 35846 ,0.06 ,0.05 ,,,,,,,,,,,,,,,,
HIP 25606 ,-0.02 ,0.07 ,,,,,,,,,,,,,,,,
HIP 27654 ,-0.44 ,0.07 ,,,,,,,,,,,,,,,,
2MASS 20272997-4650562 ,-1.84 ,0.07 ,,,,,,,,,,,,,,,,
HIP 80902 ,0.01 ,0.08 ,,,b ,5890.0 ,5580.0 ,-1500.0 ,2.71 ,1.14 ,-0.66 ,0.38 ,0.28 ,-0.32 ,6.7 ,4.0 ,-1.4 ,
HIP 62476 ,-0.02 ,0.07 ,,,,,,,,,,,,,,,,
HIP 97293 ,-0.12 ,0.14 ,,,,,,,,,,,,,,,,
HIP 109577 ,0.09 ,0.12 ,,,b ,354.8 ,1.1 ,-1.1 ,1.9 ,None ,None ,0.094 ,0.052 ,-0.052 ,1.2 ,None ,None ,
HIP 97295 ,0.04 ,0.20 ,,,,,,,,,,,,,,,,
HIP 85007 ,-0.32 ,0.13 ,-0.56 ,0.11 ,,,,,,,,,,,,,,
HIP 29716 ,-0.02 ,0.10 ,,,,,,,,,,,,,,,,
HIP 15383 ,0.12 ,0.02 ,,,,,,,,,,,,,,,,
HIP 80920 ,0.02 ,0.08 ,,,b ,562.0 ,8.0 ,-8.0 ,2.4 ,0.4 ,-0.4 ,0.2 ,0.1 ,-0.1 ,1.4 ,0.1 ,-0.1 ,
HIP 78876 ,0.10 ,0.08 ,,,,,,,,,,,,,,,,
HIP 64543 ,0.10 ,0.07 ,,,,,,,,,,,,,,,,
HIP 87079 ,-0.09 ,0.22 ,,,,,,,,,,,,,,,,
HIP 109608 ,-0.26 ,0.07 ,,,,,,,,,,,,,,,,
HIP 74793 ,0.04 ,0.26 ,,,b ,516.22 ,3.2 ,-3.2 ,14.74 ,2.5 ,-2.5 ,0.08 ,0.03 ,-0.03 ,1.53 ,0.07 ,-0.07 ,
HIP 105515 ,0.16 ,0.05 ,,,b c ,512.54 2481.1 ,7.54 94.8 ,-8.16 -82.7 ,3.48 7.48 ,0.589 3.4 ,-0.531 -2.21 ,0.732 0.202 ,0.049 0.125 ,-0.049 -0.101 ,1.771 5.067 ,0.056 0.204 ,-0.062 -0.196 ,
HIP 44075 ,-0.50 ,0.46 ,-0.43 ,0.11 ,,,,,,,,,,,,,,
HIP 11309 ,-0.26 ,0.06 ,,,,,,,,,,,,,,,,
HIP 115761 ,-0.09 ,0.03 ,,,,,,,,,,,,,,,,
HIP 85042 ,0.12 ,0.13 ,0.84 ,0.16 ,,,,,,,,,,,,,,
2MASS 19482762+4154328 ,0.04 ,0.02 ,,,b c d e f g ,10.303995 13.02426 22.687 31.995 46.686 118.378379 ,4.1e-05 0.0006 None None None 0.000311 ,-4.1e-05 -0.00064 None None None -0.000311 ,None 0.0066 0.021 0.022 0.00535 None ,None 0.0069 0.009 0.019 0.00157 None ,None -0.0049 -0.008 -0.017 -0.00126 None ,0.0 0.015 None None None 0.0 ,None 0.012 None None None None ,None -0.011 None None None None ,0.092 None None None None 0.46 ,None None None None None None ,None None None None None None ,
HIP 97336 ,0.17 ,0.14 ,0.73 ,0.11 ,b c ,3.0965971 3810.0 ,2.3e-06 420.0 ,-2.2e-06 -420.0 ,0.501 1.99 ,0.016 0.25 ,-0.016 -0.25 ,0.004 0.252 ,0.004 0.033 ,-0.0028 -0.033 ,0.04186 4.89 ,0.00065 0.53 ,-0.00066 -0.53 ,
HIP 99386 ,-0.37 ,0.07 ,,,,,,,,,,,,,,,,
HIP 62523 ,0.15 ,0.10 ,0.33 ,0.22 ,,,,,,,,,,,,,,
HIP 3132 ,-0.04 ,0.22 ,,,,,,,,,,,,,,,,
HIP 64577 ,-0.17 ,0.23 ,-0.06 ,0.11 ,,,,,,,,,,,,,,
HIP 29761 ,0.16 ,0.20 ,0.61 ,0.11 ,,,,,,,,,,,,,,
BD+37 04734b ,0.12 ,0.09 ,,,b ,None ,None ,None ,None ,None ,None ,None ,None ,None ,None ,None ,None ,
HIP 74818 ,-0.04 ,0.08 ,,,,,,,,,,,,,,,,
HIP 60485 ,0.25 ,0.07 ,,,,,,,,,,,,,,,,
HIP 68682 ,0.04 ,0.10 ,0.40 ,0.11 ,,,,,,,,,,,,,,
HIP 83020 ,-0.32 ,0.07 ,,,b c d ,7.29903 15.27018 40650.0 ,0.00033 0.0014 3870.0 ,-0.00031 -0.00117 -4230.0 ,0.064 0.055 27.45 ,0.006 0.005 3.56 ,-0.007 -0.006 -3.5 ,0.065 0.511 0.152 ,0.053 0.037 0.06 ,-0.037 -0.029 -0.047 ,0.068 0.111 21.45 ,0.003 0.004 1.49 ,-0.003 -0.004 -1.75 ,
HIP 109646 ,-0.44 ,0.14 ,0.12 ,0.29 ,,,,,,,,,,,,,,
HIP 40015 ,-0.41 ,0.07 ,,,,,,,,,,,,,,,,
HIP 87119 ,-0.23 ,0.10 ,,,,,,,,,,,,,,,,
HIP 1105 ,-0.17 ,0.07 ,,,,,,,,,,,,,,,,
HIP 105557 ,0.01 ,0.02 ,,,,,,,,,,,,,,,,
2MASS 20032651+2952000 ,0.01 ,0.07 ,,,,,,,,,,,,,,,,
HIP 40023 ,0.03 ,0.07 ,0.14 ,0.23 ,,,,,,,,,,,,,,
HIP 95319 ,0.23 ,0.18 ,0.51 ,0.28 ,,,,,,,,,,,,,,
HIP 13402 ,0.09 ,0.16 ,0.22 ,0.19 ,,,,,,,,,,,,,,
HIP 101467 ,0.09 ,0.08 ,,,,,,,,,,,,,,,,
HIP 87135 ,0.01 ,0.07 ,,,,,,,,,,,,,,,,
HIP 99423 ,-0.95 ,0.76 ,,,,,,,,,,,,,,,,
HIP 15457 ,0.06 ,0.18 ,,,,,,,,,,,,,,,,
HIP 85090 ,0.19 ,0.07 ,,,,,,,,,,,,,,,,
HIP 40035 ,0.02 ,0.14 ,,,,,,,,,,,,,,,,
HIP 103527 ,0.13 ,0.06 ,,,b ,993.3 ,3.2 ,-3.2 ,10.3 ,None ,None ,0.08 ,0.01 ,-0.01 ,2.6 ,None ,None ,
HIP 56423 ,-0.32 ,0.02 ,,,,,,,,,,,,,,,,
HIP 44137 ,0.30 ,0.18 ,,,,,,,,,,,,,,,,
HIP 87145 ,0.03 ,0.07 ,,,,,,,,,,,,,,,,
HIP 78955 ,0.38 ,0.14 ,0.87 ,0.11 ,,,,,,,,,,,,,,
HIP 7276 ,0.30 ,0.12 ,0.27 ,0.11 ,,,,,,,,,,,,,,
HIP 109677 ,-0.14 ,0.02 ,,,,,,,,,,,,,,,,
HIP 111723 ,-0.27 ,0.07 ,,,,,,,,,,,,,,,,
HIP 87157 ,-0.08 ,0.08 ,,,,,,,,,,,,,,,,
HIP 87158 ,0.14 ,0.05 ,,,,,,,,,,,,,,,,
HIP 44154 ,0.08 ,0.11 ,,,,,,,,,,,,,,,,
HIP 117883 ,0.30 ,0.08 ,,,b ,0.792052 ,9.3e-06 ,-9.3e-06 ,0.09225 ,0.00245 ,-0.00255 ,0.0 ,None ,None ,0.01679 ,0.00014 ,-0.00012 ,
HIP 56445 ,0.02 ,0.07 ,,,,,,,,,,,,,,,,
HIP 7294 ,0.00 ,0.01 ,,,,,,,,,,,,,,,,
HIP 83069 ,-0.25 ,0.07 ,,,,,,,,,,,,,,,,
HIP 38018 ,0.05 ,0.02 ,,,,,,,,,,,,,,,,
HIP 72835 ,-0.38 ,0.07 ,,,,,,,,,,,,,,,,
HIP 81028 ,-0.26 ,0.14 ,,,,,,,,,,,,,,,,
HIP 95362 ,-0.10 ,0.09 ,0.16 ,0.11 ,,,,,,,,,,,,,,
HIP 111748 ,0.04 ,0.02 ,,,,,,,,,,,,,,,,
HIP 70791 ,-0.23 ,0.07 ,,,b ,30.3506 ,0.0078 ,-0.0077 ,0.91 ,0.13 ,-0.1 ,0.042 ,0.048 ,-0.029 ,0.19 ,0.012 ,-0.009 ,
HIP 113801 ,0.08 ,0.07 ,,,,,,,,,,,,,,,,
HIP 50316 ,0.09 ,0.06 ,0.75 ,0.11 ,b ,146.05 ,0.43 ,-0.4 ,0.0541 ,0.0126 ,-0.012 ,0.24 ,0.05 ,-0.05 ,0.58 ,0.04 ,-0.04 ,
HIP 50319 ,-0.01 ,0.12 ,0.74 ,0.11 ,,,,,,,,,,,,,,
HIP 64655 ,-0.07 ,0.07 ,,,,,,,,,,,,,,,,
HIP 74896 ,0.13 ,0.07 ,,,,,,,,,,,,,,,,
HIP 72848 ,0.11 ,0.08 ,0.32 ,0.11 ,,,,,,,,,,,,,,
HIP 62614 ,-0.08 ,0.07 ,,,,,,,,,,,,,,,,
HIP 97433 ,-0.25 ,0.14 ,,,,,,,,,,,,,,,,
HIP 15514 ,-0.12 ,0.04 ,,,,,,,,,,,,,,,,
HIP 93340 ,0.15 ,0.11 ,,,,,,,,,,,,,,,,
HIP 3231 ,0.05 ,0.07 ,,,,,,,,,,,,,,,,
HIP 76963 ,-0.24 ,0.07 ,,,,,,,,,,,,,,,,
HIP 11432 ,0.06 ,0.06 ,,,,,,,,,,,,,,,,
HIP 60588 ,-0.35 ,0.07 ,,,,,,,,,,,,,,,,
HIP 19631 ,-0.27 ,0.07 ,,,,,,,,,,,,,,,,
2MASS 19093566+3929507 ,0.29 ,0.07 ,,,,,,,,,,,,,,,,
HIP 44212 ,-0.23 ,0.07 ,,,,,,,,,,,,,,,,
HIP 52409 ,0.33 ,0.30 ,0.67 ,0.07 ,b c ,325.81 8360.0 ,0.26 540.0 ,-0.26 -390.0 ,3.71 2.81 ,0.17 0.18 ,-0.17 -0.17 ,0.33 0.355 ,0.01 0.057 ,-0.01 -0.052 ,0.95 8.26 ,0.02 0.36 ,-0.02 -0.28 ,
HIP 42172 ,0.14 ,0.09 ,,,,,,,,,,,,,,,,
HIP 7357 ,-0.19 ,0.02 ,,,,,,,,,,,,,,,,
HIP 74942 ,0.12 ,0.16 ,,,,,,,,,,,,,,,,
HIP 93377 ,0.00 ,0.02 ,,,,,,,,,,,,,,,,
HIP 87234 ,-0.02 ,0.26 ,,,,,,,,,,,,,,,,
HIP 5315 ,-0.07 ,0.06 ,0.04 ,0.11 ,,,,,,,,,,,,,,
HIP 81091 ,0.04 ,0.08 ,,,,,,,,,,,,,,,,
HIP 120005 ,0.02 ,0.07 ,,,b ,24.45 ,0.02 ,-0.02 ,0.03231 ,0.00463 ,-0.00434 ,0.11 ,0.11 ,-0.08 ,0.141 ,0.005 ,-0.005 ,
HIP 89282 ,0.05 ,0.20 ,,,,,,,,,,,,,,,,
HIP 3272 ,-0.29 ,0.07 ,,,,,,,,,,,,,,,,
HIP 36041 ,-0.13 ,0.07 ,,,,,,,,,,,,,,,,
HIP 93385 ,0.04 ,0.07 ,,,,,,,,,,,,,,,,
HIP 66763 ,0.06 ,0.04 ,,,,,,,,,,,,,,,,
HIP 85196 ,0.06 ,0.07 ,,,,,,,,,,,,,,,,
HIP 109771 ,-0.49 ,0.07 ,,,,,,,,,,,,,,,,
HIP 50384 ,-0.18 ,0.05 ,0.50 ,0.11 ,,,,,,,,,,,,,,
HIP 58576 ,0.28 ,0.29 ,0.71 ,0.14 ,,,,,,,,,,,,,,
HIP 81104 ,-0.06 ,0.18 ,,,,,,,,,,,,,,,,
HIP 85204 ,0.14 ,0.07 ,,,,,,,,,,,,,,,,
HIP 23765 ,0.19 ,0.04 ,,,,,,,,,,,,,,,,
HIP 95446 ,-0.41 ,0.07 ,,,,,,,,,,,,,,,,
HIP 95447 ,0.49 ,0.28 ,0.73 ,0.71 ,,,,,,,,,,,,,,
HIP 5336 ,-0.46 ,0.23 ,-0.49 ,0.05 ,,,,,,,,,,,,,,
HIP 70873 ,0.29 ,0.10 ,0.73 ,0.11 ,,,,,,,,,,,,,,
HIP 81113 ,0.08 ,0.06 ,,,,,,,,,,,,,,,,
HIP 19679 ,-0.24 ,0.07 ,,,,,,,,,,,,,,,,
HIP 34017 ,-0.02 ,0.12 ,0.78 ,0.11 ,,,,,,,,,,,,,,
HIP 48356 ,0.14 ,0.03 ,,,,,,,,,,,,,,,,
HIP 60646 ,0.25 ,0.07 ,,,,,,,,,,,,,,,,
HIP 27878 ,0.11 ,0.07 ,,,,,,,,,,,,,,,,
HIP 34024 ,-0.43 ,0.07 ,,,,,,,,,,,,,,,,
HIP 113896 ,-0.09 ,0.08 ,0.78 ,0.11 ,,,,,,,,,,,,,,
HIP 27890 ,0.22 ,0.07 ,0.65 ,0.11 ,,,,,,,,,,,,,,
HIP 99572 ,-0.09 ,0.09 ,,,,,,,,,,,,,,,,
HIP 103673 ,-0.33 ,0.08 ,,,,,,,,,,,,,,,,
HIP 118010 ,-0.04 ,0.10 ,,,,,,,,,,,,,,,,
HIP 77052 ,0.11 ,0.08 ,0.36 ,0.24 ,,,,,,,,,,,,,,
HIP 85244 ,-0.02 ,0.07 ,,,,,,,,,,,,,,,,
HIP 103682 ,0.30 ,0.10 ,0.99 ,0.11 ,,,,,,,,,,,,,,
HIP 15619 ,0.21 ,0.07 ,,,,,,,,,,,,,,,,
HIP 89348 ,-0.22 ,0.06 ,-0.13 ,0.11 ,,,,,,,,,,,,,,
2MASS 18441281+4332024 ,0.42 ,0.13 ,,,,,,,,,,,,,,,,
HIP 15620 ,-0.30 ,0.07 ,,,,,,,,,,,,,,,,
HIP 56583 ,-0.12 ,0.07 ,,,,,,,,,,,,,,,,
HIP 21764 ,-0.05 ,0.07 ,,,,,,,,,,,,,,,,
HIP 27913 ,0.02 ,0.21 ,0.12 ,0.18 ,,,,,,,,,,,,,,
HIP 95498 ,0.02 ,0.07 ,,,,,,,,,,,,,,,,
HIP 29957 ,-0.20 ,0.07 ,,,,,,,,,,,,,,,,
HIP 29962 ,0.17 ,0.07 ,,,,,,,,,,,,,,,,
HIP 64781 ,0.08 ,0.07 ,,,,,,,,,,,,,,,,
HIP 93453 ,-0.19 ,0.07 ,,,,,,,,,,,,,,,,
HIP 1297 ,0.09 ,0.07 ,,,,,,,,,,,,,,,,
HIP 85268 ,0.07 ,0.07 ,,,b c d e f ,2.178 3.432 5.198081 7.951 12.028 ,9e-05 0.0003 0.000819 0.0022 0.009 ,-0.0001 -0.00016 -0.000881 -0.0021 -0.009 ,0.00698 0.01762 0.01702 0.01913 0.01932 ,0.00123 0.00189 0.00233 0.00296 0.00412 ,-0.00142 -0.00186 -0.00223 -0.00324 -0.00431 ,None None None None None ,None None None None None ,None None None None None ,None None None None None ,None None None None None ,None None None None None ,
HIP 25878 ,0.20 ,0.07 ,,,,,,,,,,,,,,,,
HIP 99607 ,-0.26 ,0.07 ,0.44 ,0.11 ,,,,,,,,,,,,,,
HIP 64792 ,0.25 ,0.10 ,0.15 ,0.11 ,b ,None ,None ,None ,4.0 ,4.5 ,-1.0 ,None ,None ,None ,43.5 ,None ,None ,
HIP 23835 ,-0.03 ,0.08 ,0.37 ,0.11 ,,,,,,,,,,,,,,
HIP 11548 ,-0.09 ,0.05 ,,,,,,,,,,,,,,,,
HIP 19740 ,0.02 ,0.06 ,,,,,,,,,,,,,,,,
HIP 38172 ,-0.33 ,0.07 ,,,,,,,,,,,,,,,,
HIP 79134 ,-0.11 ,0.03 ,,,,,,,,,,,,,,,,
HIP 72993 ,-0.07 ,0.07 ,,,,,,,,,,,,,,,,
HIP 34082 ,-0.15 ,0.07 ,,,,,,,,,,,,,,,,
HIP 34085 ,0.20 ,0.08 ,,,,,,,,,,,,,,,,
HIP 48423 ,0.02 ,0.02 ,,,,,,,,,,,,,,,,
HIP 75049 ,0.01 ,0.06 ,0.15 ,0.11 ,b ,187.83 ,0.54 ,-0.54 ,1.5 ,None ,None ,0.191 ,0.085 ,-0.085 ,0.83 ,None ,None ,
HIP 60719 ,-1.61 ,1.20 ,-1.15 ,0.11 ,,,,,,,,,,,,,,
HIP 54582 ,-0.01 ,0.07 ,,,b ,6449.0 ,142.0 ,-154.0 ,21.1 ,1.96 ,-2.07 ,0.357 ,0.027 ,-0.03 ,6.925 ,0.283 ,-0.318 ,
BD+49 3061 ,-0.12 ,0.10 ,,,,,,,,,,,,,,,,
HIP 36152 ,-0.33 ,0.07 ,,,,,,,,,,,,,,,,
HIP 81210 ,0.19 ,0.04 ,,,,,,,,,,,,,,,,
HIP 15675 ,0.18 ,0.03 ,,,,,,,,,,,,,,,,
HIP 113980 ,-0.21 ,0.06 ,,,,,,,,,,,,,,,,
HIP 89408 ,-0.16 ,0.10 ,,,,,,,,,,,,,,,,
HIP 46404 ,-0.06 ,0.10 ,0.12 ,0.24 ,,,,,,,,,,,,,,
HIP 56647 ,-0.08 ,0.07 ,,,b ,385.2 ,2.8 ,-1.3 ,0.51 ,0.06 ,-0.26 ,0.32 ,0.134 ,-0.218 ,1.18 ,0.11 ,-0.32 ,
HIP 21832 ,-0.22 ,0.10 ,0.12 ,0.11 ,,,,,,,,,,,,,,
HIP 93511 ,-0.12 ,0.04 ,,,,,,,,,,,,,,,,
HIP 23884 ,0.06 ,0.07 ,,,b ,2372.0 ,26.0 ,-26.0 ,0.7 ,0.03 ,-0.03 ,0.07 ,0.04 ,-0.04 ,3.41 ,0.02 ,-0.02 ,
HIP 27980 ,0.17 ,0.05 ,,,,,,,,,,,,,,,,
HIP 99662 ,0.11 ,0.04 ,,,,,,,,,,,,,,,,
HIP 38225 ,-0.09 ,0.07 ,,,,,,,,,,,,,,,,
2MASS 02361535+0652191 ,-0.04 ,0.06 ,,,,,,,,,,,,,,,,
HIP 116053 ,-0.05 ,0.07 ,,,,,,,,,,,,,,,,
HIP 87382 ,0.02 ,0.09 ,,,,,,,,,,,,,,,,
HIP 7513 ,0.19 ,0.16 ,0.20 ,0.11 ,b c d ,4.617122 240.9402 1278.1 ,1.2e-05 0.047 2.9 ,-1.2e-05 -0.047 -2.9 ,0.675 13.98 4.13 ,0.016 2.3 0.35 ,-0.016 -5.3 -0.35 ,0.0069 0.245 0.267 ,0.0072 0.006 0.021 ,-0.0046 -0.006 -0.021 ,0.05914 0.829 2.53 ,0.00061 0.043 0.15 ,-0.00063 -0.043 -0.15 ,
HIP 68955 ,-0.21 ,0.07 ,,,,,,,,,,,,,,,,
HIP 42343 ,-0.11 ,0.07 ,,,,,,,,,,,,,,,,
HIP 54632 ,0.24 ,0.07 ,,,,,,,,,,,,,,,,
HIP 77159 ,-0.42 ,0.07 ,,,,,,,,,,,,,,,,
HIP 83305 ,-0.04 ,0.10 ,,,,,,,,,,,,,,,,
2MASS 23135873+0845405 ,0.15 ,0.02 ,,,b ,1.74978117 ,1.6e-07 ,-1.6e-07 ,None ,None ,None ,None ,None ,None ,None ,None ,None ,
HIP 116076 ,0.10 ,0.08 ,,,b ,185.84 ,0.23 ,-0.23 ,4.8 ,None ,None ,0.0 ,None ,None ,0.83 ,None ,None ,
HIP 114034 ,-0.18 ,0.03 ,,,,,,,,,,,,,,,,
HIP 30067 ,-0.15 ,0.06 ,-0.05 ,0.11 ,,,,,,,,,,,,,,
HIP 42356 ,0.10 ,0.04 ,,,,,,,,,,,,,,,,
HIP 25973 ,0.14 ,0.04 ,,,,,,,,,,,,,,,,
HIP 5493 ,0.02 ,0.10 ,,,,,,,,,,,,,,,,
HIP 79219 ,-0.02 ,0.11 ,,,b ,176.3 ,0.39 ,-0.39 ,2.23 ,0.42 ,-0.42 ,0.11 ,0.04 ,-0.04 ,0.76 ,0.04 ,-0.04 ,
HIP 48510 ,0.31 ,0.07 ,,,,,,,,,,,,,,,,
HIP 3455 ,0.22 ,0.04 ,0.30 ,0.11 ,,,,,,,,,,,,,,
HIP 99711 ,0.04 ,0.20 ,0.08 ,0.09 ,b ,24.3556 ,0.0046 ,-0.0046 ,0.56 ,0.05 ,-0.05 ,0.05 ,0.04 ,-0.04 ,0.15 ,-0.0 ,0.0 ,
HIP 105857 ,-0.46 ,0.06 ,,,,,,,,,,,,,,,,
HIP 79234 ,0.06 ,0.07 ,,,,,,,,,,,,,,,,
HD 154905 ,0.15 ,0.07 ,,,,,,,,,,,,,,,,
HIP 75140 ,0.22 ,0.07 ,,,,,,,,,,,,,,,,
HIP 89474 ,0.04 ,0.10 ,0.78 ,0.70 ,b ,15.1479 ,0.0035 ,-0.0037 ,0.03 ,0.0038 ,-0.0037 ,0.12 ,0.11 ,-0.082 ,0.1192 ,0.0017 ,-0.0018 ,
2MASS 19455514+4956156 ,-0.14 ,0.02 ,,,b c d ,45.1553007 85.3162 130.183 ,2.48e-05 0.000228 None ,-2.48e-05 -0.000228 None ,None None None ,None None None ,None None None ,0.0 None None ,None None None ,None None None ,0.253 None None ,None None None ,None None None ,
HIP 44424 ,0.18 ,0.04 ,,,,,,,,,,,,,,,,
HIP 19849 ,-0.02 ,0.38 ,0.03 ,0.11 ,,,,,,,,,,,,,,
HIP 81289 ,-0.20 ,0.07 ,,,,,,,,,,,,,,,,
HIP 97675 ,0.20 ,0.18 ,,,,,,,,,,,,,,,,
HIP 73100 ,0.15 ,0.12 ,,,,,,,,,,,,,,,,
HIP 116106 ,-0.12 ,0.08 ,0.54 ,0.11 ,,,,,,,,,,,,,,
HIP 79248 ,0.48 ,0.20 ,0.74 ,0.26 ,b c ,1724.0 15730.0 ,50.0 2650.0 ,-50.0 -1900.0 ,4.89 5.025 ,None 0.873 ,None -1.067 ,0.37 0.393 ,0.04 0.045 ,-0.04 -0.048 ,2.82 11.92 ,None 1.3 ,None -1.15 ,
HIP 60816 ,0.13 ,0.07 ,,,,,,,,,,,,,,,,
HIP 81300 ,0.15 ,0.15 ,0.13 ,0.16 ,,,,,,,,,,,,,,
HIP 44441 ,-0.08 ,0.14 ,,,,,,,,,,,,,,,,
HIP 5531 ,-0.25 ,0.07 ,,,,,,,,,,,,,,,,
HIP 64924 ,0.09 ,0.60 ,0.38 ,0.18 ,b c d ,4.21487 38.021 123.01 ,0.00016 0.034 0.55 ,-0.00016 -0.034 -0.55 ,0.0161 0.057 0.072 ,0.0017 0.003 0.008 ,-0.0016 -0.003 -0.008 ,0.099 0.14 0.35 ,0.091 0.06 0.09 ,-0.07 -0.06 -0.09 ,0.04956 0.2175 0.476 ,0.00065 0.0001 0.001 ,-0.00067 -0.0001 -0.001 ,
HIP 15776 ,-0.27 ,0.08 ,0.10 ,0.11 ,b c ,2.38129 25530.0 ,0.00015 2550.0 ,-0.00013 -2320.0 ,0.015 12.8 ,0.002 2.34 ,-0.002 -2.14 ,0.239 0.041 ,0.075 0.003 ,-0.058 -0.008 ,0.034 16.76 ,0.001 1.29 ,-0.002 -1.34 ,
HIP 7585 ,0.14 ,0.07 ,,,,,,,,,,,,,,,,
HIP 81312 ,-0.18 ,0.10 ,,,,,,,,,,,,,,,,
HIP 89505 ,-0.08 ,0.07 ,,,,,,,,,,,,,,,,
HIP 71076 ,-0.31 ,0.07 ,,,,,,,,,,,,,,,,
HIP 83367 ,0.03 ,0.07 ,,,,,,,,,,,,,,,,
HIP 112041 ,-0.16 ,0.10 ,,,,,,,,,,,,,,,,
HIP 44463 ,0.19 ,0.07 ,,,,,,,,,,,,,,,,
HIP 110003 ,0.22 ,0.07 ,,,,,,,,,,,,,,,,
HIP 46516 ,-2.44 ,0.16 ,,,,,,,,,,,,,,,,
HIP 38325 ,0.11 ,0.07 ,,,,,,,,,,,,,,,,
2MASS 06172074-3819237 ,0.24 ,0.06 ,,,b ,4.37809 ,6e-06 ,-6e-06 ,0.339 ,0.03 ,-0.03 ,0.086 ,None ,None ,0.05417 ,0.00067 ,-0.00089 ,
HIP 85436 ,0.21 ,0.07 ,,,,,,,,,,,,,,,,
HIP 83389 ,-0.05 ,0.14 ,-0.07 ,0.11 ,b ,3342.0 ,95.0 ,-95.0 ,0.947 ,0.09 ,-0.09 ,0.044 ,0.046 ,-0.046 ,4.19 ,0.26 ,-0.26 ,
HIP 32190 ,0.06 ,0.07 ,,,,,,,,,,,,,,,,
HIP 118209 ,0.14 ,0.01 ,,,,,,,,,,,,,,,,
HIP 64962 ,0.19 ,0.05 ,,,,,,,,,,,,,,,,
HIP 1475 ,-0.16 ,0.07 ,,,b c ,11.4407 7600.0 ,0.0017 2200.0 ,-0.0016 -1700.0 ,0.00953 0.1133 ,0.00145 0.0787 ,-0.00138 -0.0566 ,0.094 0.27 ,0.091 0.28 ,-0.065 -0.19 ,0.072 5.4 ,0.003 1.0 ,-0.004 -0.9 ,
HIP 107975 ,-0.36 ,0.23 ,,,,,,,,,,,,,,,,
HIP 77257 ,0.11 ,0.06 ,0.42 ,0.34 ,b ,15.5083 ,0.0016 ,-0.0018 ,0.0429 ,0.0046 ,-0.0046 ,0.16 ,0.11 ,-0.1 ,0.1238 ,0.002 ,-0.002 ,
HIP 3533 ,0.29 ,0.02 ,,,,,,,,,,,,,,,,
HIP 75214 ,-0.20 ,0.19 ,,,,,,,,,,,,,,,,
HIP 81357 ,0.06 ,0.07 ,,,,,,,,,,,,,,,,
HIP 99789 ,0.06 ,0.07 ,,,,,,,,,,,,,,,,
HIP 52689 ,0.01 ,0.07 ,,,,,,,,,,,,,,,,
HIP 9683 ,0.44 ,0.22 ,0.60 ,0.28 ,b c ,262.36 1679.0 ,0.017 29.0 ,-0.016 -29.0 ,2.283 1.83 ,0.061 0.16 ,-0.062 -0.16 ,0.3597 0.017 ,0.0046 0.029 ,-0.0044 -0.029 ,0.824 2.86 ,0.011 0.17 ,-0.011 -0.17 ,
HIP 34267 ,-0.13 ,0.07 ,,,,,,,,,,,,,,,,
2MASS 14123753+0403359 ,0.22 ,0.12 ,,,b ,4.234215 ,0.000381 ,-0.000381 ,None ,None ,None ,None ,None ,None ,None ,None ,None ,
HIP 3550 ,-0.37 ,0.07 ,,,,,,,,,,,,,,,,
HIP 3559 ,-0.09 ,0.12 ,0.20 ,0.27 ,,,,,,,,,,,,,,
HIP 97767 ,0.05 ,0.10 ,0.61 ,0.11 ,,,,,,,,,,,,,,
HIP 77290 ,-0.29 ,0.04 ,,,,,,,,,,,,,,,,
HIP 99818 ,0.12 ,0.02 ,,,,,,,,,,,,,,,,
BD+00 549B ,-0.43 ,0.07 ,,,,,,,,,,,,,,,,
HIP 112114 ,-0.17 ,0.07 ,,,,,,,,,,,,,,,,
HIP 93683 ,0.11 ,0.07 ,,,,,,,,,,,,,,,,
HIP 26100 ,-0.31 ,0.07 ,,,,,,,,,,,,,,,,
HIP 73211 ,-0.08 ,0.07 ,,,,,,,,,,,,,,,,
HIP 99841 ,0.09 ,0.09 ,,,,,,,,,,,,,,,,
HIP 40452 ,0.15 ,0.07 ,,,,,,,,,,,,,,,,
HIP 11783 ,-0.21 ,0.08 ,,,,,,,,,,,,,,,,
HIP 73224 ,-0.07 ,0.07 ,,,,,,,,,,,,,,,,
HIP 11791 ,0.18 ,0.01 ,,,b c ,696.62 2051.6 ,1.33 46.0 ,-1.69 -40.5 ,2.479 0.912 ,0.074 0.088 ,-0.09 -0.143 ,0.093 0.023 ,0.026 0.191 ,-0.042 -0.003 ,1.912 3.929 ,0.002 0.058 ,-0.003 -0.052 ,
HIP 75281 ,-0.14 ,0.04 ,,,b ,4540.0 ,160.0 ,-140.0 ,0.84 ,0.078 ,-0.074 ,0.103 ,0.094 ,-0.07 ,5.13 ,0.12 ,-0.11 ,
HIP 95764 ,0.16 ,0.07 ,,,,,,,,,,,,,,,,
HIP 106007 ,-0.31 ,0.07 ,,,,,,,,,,,,,,,,
HIP 71192 ,-0.20 ,0.04 ,,,,,,,,,,,,,,,,
B-03 2978 ,-0.14 ,0.02 ,,,b ,4.17806476 ,6e-07 ,-6e-07 ,None ,None ,None ,None ,None ,None ,None ,None ,None ,
2MASS 19204172+7311434 ,0.08 ,0.07 ,,,b ,11.0619937 ,1.53e-05 ,-1.53e-05 ,None ,None ,None ,None ,None ,None ,None ,None ,None ,
HIP 101916 ,0.10 ,0.06 ,0.59 ,0.11 ,,,,,,,,,,,,,,
HIP 114210 ,-0.03 ,0.08 ,,,,,,,,,,,,,,,,
HIP 30243 ,0.38 ,0.13 ,,,,,,,,,,,,,,,,
B-08 00619 ,-0.92 ,0.07 ,,,,,,,,,,,,,,,,
2MASS 19385108+4157571 ,-0.49 ,0.07 ,,,,,,,,,,,,,,,,
HIP 17960 ,0.26 ,0.14 ,0.84 ,0.11 ,b c ,3668.0 515.4 ,170.0 2.2 ,-170.0 -2.5 ,3.86 0.201 ,0.36 0.027 ,-0.36 -0.027 ,0.04 0.11 ,0.06 0.12 ,-0.06 -0.079 ,4.92 1.3 ,0.21 0.021 ,-0.21 -0.022 ,
HIP 36399 ,0.04 ,0.12 ,,,,,,,,,,,,,,,,
HIP 65074 ,0.07 ,0.07 ,,,,,,,,,,,,,,,,
HIP 5682 ,-0.08 ,0.03 ,,,,,,,,,,,,,,,,
HIP 81459 ,0.05 ,0.07 ,,,,,,,,,,,,,,,,
HIP 89650 ,0.08 ,0.07 ,,,,,,,,,,,,,,,,
HIP 79414 ,-0.16 ,0.04 ,,,,,,,,,,,,,,,,
HIP 106039 ,0.10 ,0.07 ,,,,,,,,,,,,,,,,
HIP 103987 ,-0.43 ,0.10 ,,,,,,,,,,,,,,,,
HIP 106040 ,-0.30 ,0.07 ,,,,,,,,,,,,,,,,
HIP 79420 ,0.02 ,0.02 ,,,,,,,,,,,,,,,,
HIP 48701 ,-0.47 ,0.07 ,,,,,,,,,,,,,,,,
HIP 58948 ,-0.20 ,0.18 ,0.00 ,0.11 ,,,,,,,,,,,,,,
HIP 46663 ,-0.11 ,0.07 ,,,,,,,,,,,,,,,,
HIP 58952 ,0.07 ,0.10 ,,,b ,199.68 ,0.09 ,-0.07 ,5.559 ,0.11 ,-0.122 ,0.047 ,0.015 ,-0.028 ,0.72 ,-0.0 ,0.0 ,
HIP 63048 ,0.19 ,0.15 ,0.92 ,0.40 ,,,,,,,,,,,,,,
HIP 36430 ,-1.85 ,0.05 ,,,,,,,,,,,,,,,,
HIP 67155 ,-0.15 ,0.07 ,,,,,,,,,,,,,,,,
HIP 28245 ,0.12 ,0.07 ,,,,,,,,,,,,,,,,
2MASS 08103429-1348514 ,0.08 ,0.07 ,,,,,,,,,,,,,,,,
HIP 36439 ,-0.22 ,0.14 ,,,,,,,,,,,,,,,,
HIP 114273 ,-0.04 ,0.07 ,,,,,,,,,,,,,,,,
HIP 50786 ,0.30 ,0.22 ,0.28 ,0.11 ,b ,256.78 ,0.05 ,-0.05 ,8.44 ,0.23 ,-0.23 ,0.673 ,0.007 ,-0.007 ,0.918 ,0.01 ,-0.01 ,
HIP 40549 ,0.05 ,0.07 ,,,,,,,,,,,,,,,,
HIP 112229 ,-0.51 ,0.06 ,,,,,,,,,,,,,,,,
HIP 54887 ,0.14 ,0.02 ,,,,,,,,,,,,,,,,
HIP 106093 ,0.22 ,0.08 ,,,,,,,,,,,,,,,,
HIP 112242 ,0.27 ,0.06 ,,,,,,,,,,,,,,,,
HIP 75379 ,0.05 ,0.08 ,,,,,,,,,,,,,,,,
HIP 71284 ,-0.35 ,0.06 ,-0.20 ,0.11 ,,,,,,,,,,,,,,
HIP 56948 ,0.07 ,0.07 ,,,,,,,,,,,,,,,,
HIP 61044 ,0.20 ,0.02 ,,,,,,,,,,,,,,,,
HIP 63093 ,-0.10 ,0.07 ,,,,,,,,,,,,,,,,
HIP 81528 ,-0.09 ,0.07 ,,,,,,,,,,,,,,,,
BD+44 3244 ,-0.06 ,0.06 ,,,,,,,,,,,,,,,,
HIP 91768 ,-0.25 ,0.07 ,,,,,,,,,,,,,,,,
HIP 91772 ,-0.03 ,0.07 ,,,,,,,,,,,,,,,,
HIP 56960 ,-0.11 ,0.06 ,,,,,,,,,,,,,,,,
HIP 36481 ,-0.15 ,0.07 ,,,,,,,,,,,,,,,,
HIP 11906 ,-0.10 ,0.07 ,,,,,,,,,,,,,,,,
HIP 61058 ,-0.19 ,0.07 ,,,,,,,,,,,,,,,,
HIP 65154 ,-0.20 ,0.07 ,,,,,,,,,,,,,,,,
HIP 34440 ,0.06 ,0.02 ,,,,,,,,,,,,,,,,
HIP 110218 ,-0.13 ,0.07 ,,,,,,,,,,,,,,,,
HIP 87691 ,0.21 ,0.08 ,,,,,,,,,,,,,,,,
HIP 24205 ,-0.05 ,0.16 ,0.70 ,0.11 ,,,,,,,,,,,,,,
HIP 38541 ,-1.46 ,0.18 ,-1.75 ,0.11 ,,,,,,,,,,,,,,
HIP 56975 ,0.10 ,0.11 ,,,,,,,,,,,,,,,,
HIP 75407 ,-0.19 ,0.07 ,,,,,,,,,,,,,,,,
HIP 83599 ,0.23 ,0.07 ,,,,,,,,,,,,,,,,
HIP 97938 ,0.20 ,0.10 ,,,b ,136.75 ,0.25 ,-0.25 ,2.8 ,None ,None ,0.0 ,None ,None ,0.68 ,None ,None ,
HIP 28307 ,-0.12 ,0.07 ,,,,,,,,,,,,,,,,
HIP 83601 ,0.09 ,0.11 ,,,,,,,,,,,,,,,,
HIP 61078 ,-0.01 ,0.07 ,,,,,,,,,,,,,,,,
HIP 102040 ,-0.01 ,0.10 ,0.63 ,0.64 ,,,,,,,,,,,,,,
HIP 36513 ,-2.04 ,1.32 ,,,,,,,,,,,,,,,,
HIP 104101 ,0.05 ,0.26 ,,,,,,,,,,,,,,,,
HIP 56997 ,0.04 ,0.16 ,0.36 ,0.11 ,,,,,,,,,,,,,,
HIP 5799 ,-0.18 ,0.08 ,,,,,,,,,,,,,,,,
HIP 54952 ,-0.12 ,0.27 ,,,,,,,,,,,,,,,,
HIP 73385 ,-1.04 ,0.78 ,-1.07 ,0.11 ,,,,,,,,,,,,,,
HIP 77482 ,-0.05 ,0.01 ,,,,,,,,,,,,,,,,
HIP 106157 ,-0.37 ,0.07 ,,,,,,,,,,,,,,,,
HIP 32431 ,0.22 ,0.07 ,,,,,,,,,,,,,,,,
HIP 69295 ,-0.15 ,0.07 ,,,,,,,,,,,,,,,,
HIP 100017 ,-0.09 ,0.20 ,0.82 ,0.16 ,,,,,,,,,,,,,,
HIP 114354 ,-0.14 ,0.07 ,,,,,,,,,,,,,,,,
HIP 3765 ,-0.09 ,0.12 ,-0.15 ,0.11 ,,,,,,,,,,,,,,
HIP 79545 ,-0.49 ,0.07 ,,,,,,,,,,,,,,,,
HIP 97985 ,-0.19 ,0.07 ,,,,,,,,,,,,,,,,
HIP 77506 ,0.07 ,0.07 ,,,,,,,,,,,,,,,,
HIP 73412 ,-0.07 ,0.07 ,,,,,,,,,,,,,,,,
HIP 5833 ,-0.08 ,0.12 ,,,,,,,,,,,,,,,,
HIP 67275 ,0.22 ,0.22 ,0.53 ,0.11 ,b ,3.3124534 ,5e-06 ,-5.7e-06 ,4.3 ,0.075 ,-0.075 ,0.0074 ,0.0059 ,-0.0048 ,0.04869 ,0.00039 ,-0.00039 ,
HD 5750 ,-0.26 ,0.12 ,,,,,,,,,,,,,,,,
HIP 83664 ,0.03 ,0.04 ,,,,,,,,,,,,,,,,
HIP 110291 ,-0.57 ,0.07 ,-0.45 ,0.11 ,,,,,,,,,,,,,,
HIP 26326 ,-0.28 ,0.07 ,,,,,,,,,,,,,,,,
HIP 34521 ,-0.17 ,0.07 ,,,,,,,,,,,,,,,,
HIP 7902 ,0.08 ,0.12 ,0.34 ,0.22 ,,,,,,,,,,,,,,
HIP 73440 ,-0.02 ,0.02 ,,,,,,,,,,,,,,,,
HD 217411 ,-0.12 ,0.07 ,,,,,,,,,,,,,,,,
HIP 67300 ,-0.09 ,0.07 ,,,,,,,,,,,,,,,,
HIP 61157 ,-0.32 ,0.04 ,,,,,,,,,,,,,,,,
HIP 69350 ,0.17 ,0.07 ,,,,,,,,,,,,,,,,
HIP 98020 ,-1.28 ,0.88 ,,,,,,,,,,,,,,,,
HIP 32489 ,0.01 ,0.09 ,,,,,,,,,,,,,,,,
HIP 3821 ,-0.16 ,0.16 ,-0.17 ,0.11 ,,,,,,,,,,,,,,
HIP 20205 ,0.20 ,0.14 ,,,,,,,,,,,,,,,,
HIP 7918 ,0.10 ,0.14 ,0.53 ,0.40 ,,,,,,,,,,,,,,
2MASS 03044335+6144097 ,0.08 ,0.07 ,,,,,,,,,,,,,,,,
HIP 55022 ,-0.48 ,0.24 ,,,,,,,,,,,,,,,,
HIP 89844 ,0.24 ,0.16 ,0.38 ,0.16 ,b c ,58.11187 1749.67 ,0.00024 0.28 ,-0.00018 -0.29 ,7.628 17.76 ,0.606 0.35 ,-0.633 -0.35 ,0.53 0.2112 ,0.002 0.0013 ,-0.001 -0.0013 ,0.292 2.881 ,0.011 0.028 ,-0.012 -0.028 ,
HIP 40693 ,0.07 ,0.13 ,0.41 ,0.11 ,b c d ,8.667 31.613 200.61 ,0.003 0.013 0.68 ,-0.003 -0.014 -0.69 ,0.0321 0.031 0.0443 ,None 0.0031 0.0055 ,None -0.0029 -0.0055 ,0.1 0.114 0.1 ,0.04 0.096 0.1 ,-0.04 -0.079 -0.073 ,0.078 0.1882 0.645 ,None 0.0029 0.01 ,None -0.0029 -0.01 ,
HIP 57080 ,-0.24 ,0.05 ,,,,,,,,,,,,,,,,
HIP 75513 ,-0.05 ,0.07 ,,,,,,,,,,,,,,,,
B-06 4756B ,0.18 ,0.07 ,,,,,,,,,,,,,,,,
HIP 3834 ,0.16 ,0.06 ,,,b c ,371.74 2732.0 ,0.72 81.0 ,-1.86 -81.0 ,1.986 2.37 ,0.156 0.38 ,-0.154 -0.38 ,0.266 0.23 ,0.081 0.07 ,-0.068 -0.07 ,1.129 4.6 ,0.001 0.23 ,-0.004 -0.23 ,
HIP 98044 ,-0.15 ,0.07 ,,,,,,,,,,,,,,,,
HIP 26366 ,-0.19 ,0.18 ,,,,,,,,,,,,,,,,
HIP 104191 ,-2.47 ,1.64 ,,,,,,,,,,,,,,,,
HIP 57087 ,0.32 ,0.07 ,,,b ,2.64389803 ,2.7e-07 ,-2.5e-07 ,0.08 ,0.007 ,-0.006 ,0.1616 ,0.0041 ,-0.0032 ,0.0308 ,0.0013 ,-0.0012 ,
HIP 28417 ,0.26 ,0.07 ,,,,,,,,,,,,,,,,
HIP 79619 ,0.03 ,0.04 ,,,,,,,,,,,,,,,,
HIP 46853 ,-0.13 ,0.11 ,,,,,,,,,,,,,,,,
HIP 14086 ,-0.20 ,0.18 ,-0.34 ,0.15 ,,,,,,,,,,,,,,
HIP 102152 ,0.07 ,0.04 ,,,,,,,,,,,,,,,,
HIP 77578 ,0.00 ,0.16 ,,,b ,277.02 ,0.52 ,-0.51 ,1.7 ,None ,None ,0.106 ,0.079 ,-0.069 ,1.1 ,None ,None ,
HIP 24332 ,-0.10 ,0.05 ,-0.07 ,0.11 ,,,,,,,,,,,,,,
HIP 93966 ,0.19 ,0.10 ,0.40 ,0.24 ,,,,,,,,,,,,,,
HIP 75535 ,0.32 ,0.14 ,,,,,,,,,,,,,,,,
HIP 12048 ,0.20 ,0.12 ,0.48 ,0.22 ,b ,75.523 ,0.055 ,-0.055 ,0.26 ,0.02 ,-0.02 ,0.25 ,0.05 ,-0.05 ,0.36 ,0.01 ,-0.01 ,
HIP 96016 ,0.07 ,0.08 ,,,b c d ,286.6 484.3 836.4 ,2.4 5.5 8.4 ,-0.7 -3.5 -8.4 ,0.31 0.3 0.45 ,0.03 0.03 0.04 ,-0.04 -0.06 -0.06 ,0.0 0.0 0.0 ,None None None ,None None None ,0.94 1.334 1.92 ,0.005 0.013 0.012 ,-0.001 -0.005 -0.012 ,
HIP 44818 ,-0.04 ,0.10 ,,,,,,,,,,,,,,,,
HIP 75539 ,-0.18 ,0.12 ,,,,,,,,,,,,,,,,
HIP 93972 ,-0.06 ,0.07 ,,,,,,,,,,,,,,,,
HIP 42773 ,0.08 ,0.02 ,,,,,,,,,,,,,,,,
HIP 20252 ,0.16 ,0.08 ,,,,,,,,,,,,,,,,
HIP 57117 ,-0.05 ,0.07 ,,,,,,,,,,,,,,,,
HIP 36640 ,-0.45 ,0.11 ,-0.40 ,0.11 ,,,,,,,,,,,,,,
HIP 65312 ,0.18 ,0.05 ,,,,,,,,,,,,,,,,
HIP 30502 ,0.04 ,0.03 ,,,,,,,,,,,,,,,,
HIP 30503 ,0.12 ,0.08 ,0.79 ,0.11 ,b c ,5.8854 13.1354 ,0.0003 0.0026 ,-0.0003 -0.0025 ,0.0384 0.0277 ,0.0033 0.0034 ,-0.0032 -0.0032 ,0.07 0.07 ,0.05 0.07 ,-0.05 -0.05 ,0.0644 0.11 ,0.002 0.0034 ,-0.0021 -0.0036 ,
HIP 7981 ,0.10 ,0.09 ,0.13 ,0.25 ,,,,,,,,,,,,,,
HIP 91949 ,0.29 ,0.12 ,0.03 ,0.11 ,,,,,,,,,,,,,,
HIP 96049 ,-0.53 ,0.07 ,,,,,,,,,,,,,,,,
HIP 85810 ,0.12 ,0.14 ,0.36 ,0.38 ,,,,,,,,,,,,,,
HIP 79672 ,0.11 ,0.14 ,0.36 ,0.28 ,,,,,,,,,,,,,,
HIP 40761 ,0.25 ,0.11 ,,,,,,,,,,,,,,,,
HIP 53049 ,-0.42 ,0.07 ,,,,,,,,,,,,,,,,
HIP 18235 ,-0.30 ,0.16 ,-0.40 ,0.11 ,,,,,,,,,,,,,,
HIP 67384 ,-0.03 ,0.04 ,,,,,,,,,,,,,,,,
HIP 34622 ,-0.04 ,0.04 ,,,,,,,,,,,,,,,,
HIP 89918 ,0.05 ,0.06 ,,,,,,,,,,,,,,,,
HIP 98110 ,0.31 ,0.07 ,,,,,,,,,,,,,,,,
HIP 112447 ,-0.08 ,0.22 ,,,,,,,,,,,,,,,,
HIP 22336 ,0.29 ,0.14 ,0.19 ,0.11 ,b ,1157.0 ,27.0 ,-27.0 ,1.22 ,0.14 ,-0.14 ,0.76 ,0.05 ,-0.05 ,2.34 ,0.06 ,-0.06 ,
HIP 3909 ,-0.08 ,0.06 ,0.66 ,0.11 ,,,,,,,,,,,,,,
HIP 14150 ,0.18 ,0.12 ,0.40 ,0.29 ,,,,,,,,,,,,,,
HD 160605 ,0.12 ,0.07 ,,,,,,,,,,,,,,,,
HIP 59210 ,0.01 ,0.07 ,,,,,,,,,,,,,,,,
HIP 53070 ,-1.07 ,0.90 ,-0.90 ,0.34 ,,,,,,,,,,,,,,
HIP 61264 ,-0.37 ,0.12 ,,,,,,,,,,,,,,,,
HIP 30545 ,0.00 ,0.08 ,-0.07 ,0.11 ,,,,,,,,,,,,,,
HIP 73555 ,0.02 ,0.07 ,,,,,,,,,,,,,,,,
HIP 16214 ,-0.32 ,0.77 ,-1.25 ,0.11 ,,,,,,,,,,,,,,
HIP 77655 ,0.20 ,0.14 ,0.18 ,0.11 ,b ,1253.68 ,3.07 ,-6.48 ,1.522 ,0.033 ,-0.065 ,0.04 ,0.013 ,-0.032 ,2.5 ,0.004 ,-0.009 ,
HIP 75607 ,0.09 ,0.07 ,,,,,,,,,,,,,,,,
HIP 98138 ,0.12 ,0.04 ,,,,,,,,,,,,,,,,
HIP 61283 ,-0.01 ,0.07 ,,,,,,,,,,,,,,,,
HIP 96100 ,-0.10 ,0.16 ,-0.03 ,0.14 ,,,,,,,,,,,,,,
HIP 87909 ,-0.10 ,0.07 ,,,,,,,,,,,,,,,,
HIP 51047 ,0.18 ,0.04 ,,,,,,,,,,,,,,,,
HIP 57191 ,-0.04 ,0.07 ,,,,,,,,,,,,,,,,
HIP 85863 ,-0.13 ,0.07 ,,,,,,,,,,,,,,,,
HIP 89962 ,-0.04 ,0.06 ,,,,,,,,,,,,,,,,
HIP 79724 ,-0.03 ,0.07 ,,,,,,,,,,,,,,,,
HIP 116591 ,0.11 ,0.07 ,,,,,,,,,,,,,,,,
HIP 114546 ,0.16 ,0.04 ,,,,,,,,,,,,,,,,
HIP 63354 ,-0.25 ,0.07 ,,,,,,,,,,,,,,,,
HIP 92026 ,0.26 ,0.07 ,,,,,,,,,,,,,,,,
HIP 63356 ,-0.12 ,0.07 ,,,,,,,,,,,,,,,,
HIP 61309 ,0.09 ,0.07 ,,,,,,,,,,,,,,,,
HIP 94076 ,0.32 ,0.28 ,0.58 ,0.31 ,,,,,,,,,,,,,,
HIP 24447 ,-0.08 ,0.07 ,,,,,,,,,,,,,,,,
HIP 38784 ,0.01 ,0.10 ,0.13 ,0.30 ,,,,,,,,,,,,,,
HIP 92032 ,-0.11 ,0.07 ,,,,,,,,,,,,,,,,
HIP 94075 ,0.22 ,0.13 ,0.80 ,0.11 ,b ,71.511 ,0.011 ,-0.011 ,7.35 ,0.6 ,-0.6 ,0.139 ,0.014 ,-0.014 ,0.345 ,0.02 ,-0.02 ,
HIP 61317 ,-0.08 ,0.16 ,0.44 ,0.66 ,,,,,,,,,,,,,,
HIP 116613 ,0.13 ,0.10 ,0.75 ,0.64 ,,,,,,,,,,,,,,
HIP 81800 ,0.02 ,0.04 ,,,,,,,,,,,,,,,,
HIP 116616 ,0.04 ,0.12 ,,,b ,3270.0 ,120.0 ,-120.0 ,1.83 ,0.35 ,-0.26 ,0.09 ,0.1 ,-0.062 ,4.48 ,0.19 ,-0.18 ,
HIP 92043 ,-0.09 ,0.12 ,0.21 ,0.11 ,,,,,,,,,,,,,,
HIP 40843 ,-0.16 ,0.19 ,,,,,,,,,,,,,,,,
HIP 3979 ,-0.12 ,0.04 ,,,,,,,,,,,,,,,,
HIP 112527 ,-0.02 ,0.08 ,-0.10 ,0.01 ,b c ,35.45 154.43 ,0.011 0.44 ,-0.011 -0.44 ,0.03228 0.0297 ,0.00311 0.00513 ,-0.00311 -0.00513 ,0.09 0.12 ,0.06 0.08 ,-0.06 -0.08 ,0.198 0.528 ,0.0004 0.01 ,-0.0004 -0.01 ,
HIP 59280 ,0.14 ,0.16 ,0.34 ,0.23 ,,,,,,,,,,,,,,
HIP 112529 ,-0.08 ,0.04 ,,,,,,,,,,,,,,,,
HIP 90004 ,0.14 ,0.11 ,0.38 ,0.11 ,b ,6.404 ,0.0014 ,-0.0014 ,0.248 ,0.023 ,-0.023 ,0.107 ,0.08 ,-0.08 ,0.0659 ,0.0038 ,-0.0038 ,
HIP 92056 ,0.04 ,0.07 ,,,,,,,,,,,,,,,,
HIP 34714 ,-0.31 ,0.07 ,,,,,,,,,,,,,,,,
HIP 40858 ,0.12 ,0.09 ,,,,,,,,,,,,,,,,
HIP 104347 ,-0.51 ,0.07 ,,,,,,,,,,,,,,,,
HIP 47007 ,0.26 ,0.20 ,0.66 ,0.32 ,b c ,435.1 219.3 ,1.4 None ,-1.4 None ,1.84 2.01 ,None None ,None None ,0.18 0.359 ,0.04 None ,-0.04 None ,1.18 0.747 ,None None ,None None ,
HIP 69536 ,0.12 ,0.16 ,0.44 ,0.11 ,,,,,,,,,,,,,,
HIP 69535 ,-0.31 ,0.07 ,,,,,,,,,,,,,,,,
HIP 73634 ,0.19 ,0.07 ,,,,,,,,,,,,,,,,
HIP 94112 ,-0.06 ,0.07 ,,,b ,2.785819 ,1.7e-05 ,-1.7e-05 ,None ,None ,None ,0.0 ,None ,None ,0.043 ,None ,None ,
HIP 98209 ,-0.10 ,0.07 ,,,,,,,,,,,,,,,,
HIP 8102 ,-0.22 ,0.65 ,-0.04 ,0.11 ,,,,,,,,,,,,,,
HIP 22439 ,-0.25 ,0.18 ,,,,,,,,,,,,,,,,
HIP 108456 ,-0.16 ,0.07 ,,,,,,,,,,,,,,,,
HIP 81833 ,-0.03 ,0.02 ,,,,,,,,,,,,,,,,
HIP 85930 ,0.12 ,0.20 ,,,,,,,,,,,,,,,,
HIP 77740 ,0.13 ,0.10 ,0.74 ,0.11 ,b ,653.22 ,1.21 ,-1.21 ,9.316 ,0.329 ,-0.329 ,0.41 ,0.01 ,-0.01 ,1.4877 ,0.0097 ,-0.0097 ,
HIP 61359 ,0.10 ,0.03 ,,,,,,,,,,,,,,,,
HIP 85940 ,-0.24 ,0.07 ,,,,,,,,,,,,,,,,
HIP 47029 ,-0.01 ,0.04 ,,,,,,,,,,,,,,,,
HIP 49081 ,0.32 ,0.12 ,0.18 ,0.37 ,,,,,,,,,,,,,,
HIP 83899 ,-0.04 ,0.07 ,,,,,,,,,,,,,,,,
HIP 18366 ,-0.25 ,0.06 ,,,,,,,,,,,,,,,,
HIP 77760 ,-0.29 ,0.10 ,0.44 ,0.22 ,,,,,,,,,,,,,,
HIP 110529 ,0.17 ,0.07 ,,,,,,,,,,,,,,,,
HIP 110532 ,0.08 ,0.07 ,,,,,,,,,,,,,,,,
HIP 110538 ,-0.03 ,0.06 ,,,,,,,,,,,,,,,,
HIP 73675 ,-0.01 ,0.07 ,,,,,,,,,,,,,,,,
HIP 30668 ,-1.09 ,0.76 ,,,,,,,,,,,,,,,,
HIP 53196 ,0.17 ,0.07 ,,,,,,,,,,,,,,,,
HIP 85964 ,-0.19 ,0.07 ,,,,,,,,,,,,,,,,
HIP 22479 ,0.16 ,0.02 ,,,,,,,,,,,,,,,,
HIP 108490 ,-0.60 ,0.10 ,-0.47 ,0.11 ,,,,,,,,,,,,,,
HIP 112590 ,0.09 ,0.07 ,,,,,,,,,,,,,,,,
HIP 57300 ,-0.31 ,0.07 ,,,,,,,,,,,,,,,,
HIP 2006 ,0.11 ,0.04 ,,,,,,,,,,,,,,,,
HIP 12247 ,0.14 ,0.10 ,,,b ,1005.57 ,1.84 ,-1.94 ,3.307 ,0.078 ,-0.067 ,0.037 ,0.015 ,-0.025 ,2.104 ,0.003 ,-0.003 ,
B-03 2764 ,-0.81 ,0.07 ,,,,,,,,,,,,,,,,
HIP 85979 ,-0.25 ,0.07 ,,,,,,,,,,,,,,,,
HIP 79837 ,-0.27 ,0.09 ,0.27 ,0.11 ,,,,,,,,,,,,,,
HIP 8159 ,0.20 ,0.16 ,0.40 ,0.27 ,b ,1076.4 ,2.4 ,-2.4 ,6.38 ,0.53 ,-0.53 ,0.1023 ,0.0096 ,-0.0096 ,2.16 ,0.12 ,-0.12 ,
HIP 73695 ,-0.10 ,0.04 ,,,,,,,,,,,,,,,,
HIP 104421 ,-0.19 ,0.07 ,,,,,,,,,,,,,,,,
HIP 12262 ,-0.06 ,0.07 ,,,,,,,,,,,,,,,,
HIP 20455 ,0.17 ,0.12 ,,,,,,,,,,,,,,,,
HIP 47080 ,0.33 ,0.16 ,0.64 ,0.08 ,,,,,,,,,,,,,,
HIP 110566 ,-0.16 ,0.07 ,,,,,,,,,,,,,,,,
2MASS 12045611+1728119 ,-0.27 ,0.07 ,,,,,,,,,,,,,,,,
HIP 88048 ,0.28 ,0.14 ,,,b c ,529.93 3186.0 ,0.08 14.0 ,-0.07 -14.0 ,21.548 27.0 ,0.092 None ,-0.056 None ,0.126 0.165 ,0.003 0.013 ,-0.004 -0.013 ,1.76 6.1 ,-0.0 None ,0.0 None ,
HIP 106481 ,-0.01 ,0.06 ,,,,,,,,,,,,,,,,
HIP 12273 ,0.18 ,0.07 ,,,,,,,,,,,,,,,,
HIP 36849 ,-0.54 ,0.08 ,-0.30 ,0.11 ,,,,,,,,,,,,,,
HIP 63479 ,-0.15 ,0.07 ,,,,,,,,,,,,,,,,
HIP 10234 ,0.09 ,0.07 ,,,,,,,,,,,,,,,,
HIP 28671 ,-0.70 ,0.70 ,-0.51 ,0.11 ,,,,,,,,,,,,,,
